normalized_target,gene_symbol_mygene,score,notfound
muscarinic acetylcholine receptor m1,,,True
m1 receptor,,,True
muscarinic acetylcholine receptor m2,,,True
m2 receptor,,,True
muscarinic acetylcholine receptor m3,,,True
m3 receptor,,,True
muscarinic acetylcholine receptor m4,,,True
m4 receptor,,,True
m5 receptor,,,True
muscarinic acetylcholine receptor m5,,,True
muscarinic acetylcholine receptor,,,True
muscarinic receptor 2,CHRM2,,False
acetylcholinesterase,ACHE,,False
adenosine receptor a1,ADORA1,,False
a1 receptor,EPHA1,,False
adenosine a1 receptor,ADORA1,,False
adenosine receptor a2a,ADORA2A,,False
a2a receptor,ADORA2A,,False
adenosine a2a receptor,ADORA2A,,False
adenosine receptor a2b,ADORA2B,,False
a2b receptor,ADORA2B,,False
adenosine receptor a3,ADORA3,,False
a3 receptor,ADORA3,,False
serine protein kinase atm,,,True
serine threonine protein kinase atr,,,True
carbonic anhydrase 1,CA1,,False
carbonic anhydrase 2,CA2,,False
chitotriosidase 1,,,True
cytochrome p450 1a1,,,True
cytochrome p450 1a2,,,True
cytochrome p450 1b1,,,True
cytochrome p450 2c8,,,True
cytochrome p450 2c9,,,True
cytochrome p450 2d6,LOC107987479,,False
cytochrome p450 2e1,,,True
cytochrome p450 3a4,,,True
serine threonine protein kinase mtor,,,True
h1 4,,,True
h1 5,,,True
h1 6,,,True
hla a,,,True
inositol 1 4 5 trisphosphate receptor,,,True
inositol 1 4 5 trisphosphate gated calcium channel itpr1,,,True
inositol 1 4 5 trisphosphate gated calcium channel itpr2,,,True
inositol 1 4 5 trisphosphate gated calcium channel itpr3,,,True
potassium voltage gated channel subfamily h member 2,KCNH2,,False
potassium channel subfamily k member 2,KCNK2,,False
glycogen phosphorylase muscle form,,,True
adenosine receptor,ADORA2B,,False
endochitinase b1,,,True
phosphatidylinositol 4 5 bisphosphate 3 kinase catalytic subunit delta isoform,,,True
adenosine a2 receptor,,,True
guanine deaminase,GDA,,False
camp specific 3 5 cyclic phosphodiesterase 4a,,,True
hba a1,,,True
he1 3,,,True
hsp70 3,ST13P3,,False
igfn1 1,,,True
lim2 4,,,True
5 nucleotidase,NT5E,,False
3 5 cyclic amp phosphodiesterase 4b,,,True
cgmp inhibited 3 5 cyclic phosphodiesterase 3a,,,True
dual 3 5 cyclic amp and gmp phosphodiesterase 11a,,,True
high affinity camp specific and ibmx insensitive 3 5 cyclic phosphodiesterase 8a,,,True
rod cgmp specific 3 5 cyclic phosphodiesterase subunit beta,,,True
dna dependent protein kinase catalytic subunit,,,True
phosphatidylinositol 4 5 bisphosphate 3 kinase catalytic subunit beta isoform,,,True
ryr3,RYR3-DT,,False
3 5 cyclic amp phosphodiesterase 4d,,,True
dual specificity calcium calmodulin dependent 3 5 cyclic nucleotide phosphodiesterase 1b,,,True
3 5 cyclic amp phosphodiesterase 4a,,,True
cgmp dependent 3 5 cyclic phosphodiesterase,,,True
cone cgmp specific 3 5 cyclic phosphodiesterase subunit alpha,,,True
high affinity 3 5 cyclic amp phosphodiesterase 7a,,,True
rod cgmp specific 3 5 cyclic phosphodiesterase subunit alpha,,,True
phosphatidylinositol 4 5 bisphosphate 3 kinase catalytic subunit alpha isoform,,,True
cgmp specific 3 5 cyclic phosphodiesterase,,,True
ryanodine receptor 1,RYR1,,False
camp and camp inhibited cgmp 3 5 cyclic phosphodiesterase 10a,,,True
dual specificity calcium calmodulin dependent 3 5 cyclic nucleotide phosphodiesterase 1c,,,True
high affinity cgmp specific 3 5 cyclic phosphodiesterase 9a,,,True
ryr1,RYR1,,False
lim2 3,,,True
cyclic nucleotide phosphodiesterase,CNP,,False
amine oxidase flavin containing b,,,True
cyp12d1 p,,,True
camp specific 3 5 cyclic phosphodiesterase 4b,,,True
cyp12d1 d,,,True
cgmp inhibited 3 5 cyclic phosphodiesterase 3b,,,True
3 5 cyclic amp phosphodiesterase 4c,,,True
3 5 cyclic amp phosphodiesterase 7b,,,True
dual specificity calcium calmodulin dependent 3 5 cyclic nucleotide phosphodiesterase 1a,,,True
high affinity camp specific and ibmx insensitive 3 5 cyclic phosphodiesterase 8b,,,True
broad substrate specificity atp binding cassette transporter abcg2,,,True
ryr2,RYR2,,False
ecto 5 nucleotidase,NT5E,,False
sertad4 as1,,,True
ps modr4,,,True
neuronal acetylcholine receptor alpha 2,,,True
aryl hydrocarbon receptor,AHR,,False
annexin a3,ANXA3,,False
nuclear receptor ror gamma,,,True
nad dependent protein deacetylase sirtuin 2,,,True
glutaminyl peptide cyclotransferase,QPCT,,False
adenylate cyclase type 1,,,True
adenylate cyclase type 2,,,True
adenylate cyclase type 3,,,True
adenylate cyclase type 5,,,True
adenylate cyclase type 6,,,True
adenylate cyclase type 7,,,True
adenylate cyclase type 8,,,True
adenylate cyclase type 9,,,True
androgen receptor,AR,,False
cystic fibrosis transmembrane conductance regulator,,,True
creb binding protein,,,True
cytochrome p450 19a1,,,True
estrogen receptor,ESR1,,False
guanine nucleotide binding protein g subunit alpha isoforms short,,,True
hepatocyte nuclear factor 4 alpha,HNF4A,,False
calcium activated potassium channel subunit alpha 1,,,True
calcium activated potassium channel subunit beta 1,KCNMB1,,False
small conductance calcium activated potassium channel protein 1,,,True
small conductance calcium activated potassium channel protein 2,,,True
small conductance calcium activated potassium channel protein 3,,,True
intermediate conductance calcium activated potassium channel protein 4,,,True
mucin 2,LOC124903407,,False
plasminogen activator inhibitor 1,,,True
atp dependent translocase abcb1,,,True
peroxisome proliferator activated receptor delta,PPARD,,False
peroxisome proliferator activated receptor gamma,PPARG,,False
mitogen activated protein kinase 1,MAPK1,,False
mitogen activated protein kinase 3,MAPK3,,False
mitogen activated protein kinase 4,MAPK4,,False
mitogen activated protein kinase 6,MAPK6,,False
mitogen activated protein kinase 7,MAPK7,,False
nuclear receptor ror beta,,,True
retinoic acid receptor rxr beta,,,True
oxysterols receptor lxr beta,,,True
vitamin d3 receptor,,,True
nuclear receptor subfamily 1 group i member 2,NR1I2,,False
bile acid receptor,GPBAR1,,False
calcium activated potassium channel subunit beta 2,KCNMB2,,False
cyclic amp responsive element binding protein 3,,,True
calcium activated potassium channel subunit beta 3,KCNMB3,,False
calcium activated potassium channel subunit beta 4,KCNMB4,,False
adenylate cyclase type 10,,,True
atpase family aaa domain containing protein 5,,,True
adenylate cyclase type 4,,,True
mitogen activated protein kinase 15,MAPK15,,False
solute carrier organic anion transporter family member 1b3,SLCO1B3,,False
alpha 1d adrenergic receptor,,,True
alpha 1 adrenergic receptor,,,True
alpha 1b adrenergic receptor,,,True
alpha 1a adrenergic receptor,,,True
alpha 2a adrenergic receptor,,,True
alpha 2 adrenergic receptor,,,True
alpha 2b adrenergic receptor,,,True
alpha 2c adrenergic receptor,,,True
aldehyde oxidase,AOX1,,False
voltage dependent n type calcium channel subunit alpha 1b,,,True
d dopamine receptor,LOC101060524,,False
histamine h1 receptor,HRH1,,False
histamine h2 receptor,HRH2,,False
5 hydroxytryptamine receptor 2a,HTR2A,,False
5 hydroxytryptamine receptor 2b,HTR2B,,False
5 hydroxytryptamine receptor 2c,HTR2C,,False
5 hydroxytryptamine receptor 6,HTR6,,False
5 hydroxytryptamine receptor 7,HTR7,,False
alpha 1 acid glycoprotein 1,,,True
sodium dependent noradrenaline transporter,,,True
norepinephrine transporter,,,True
sodium dependent dopamine transporter,,,True
sodium dependent serotonin transporter,,,True
atp binding cassette sub family g member 2,,,True
kir3 4,,,True
g protein activated inward rectifier potassium channel 2,,,True
kir3 2,,,True
transient receptor potential cation channel subfamily m member 3,TRPM3,,False
cytochrome p450 2a6,,,True
serum paraoxonase arylesterase 1,,,True
muscarinic acetylcholine receptor dm1,,,True
