pathway_id,total_count,n_compounds,compounds
1185255,2,1,Ethanolamine
1185350,2,1,Ethanolamine
1185351,2,1,Ethanolamine
1185354,2,1,Ethanolamine
1185355,2,1,Ethanolamine
1185358,2,1,Ethanolamine
1185359,2,1,Ethanolamine
1185362,2,1,Ethanolamine
1185363,2,1,Ethanolamine
1185366,2,1,Ethanolamine
1185367,2,1,Ethanolamine
1185370,2,1,Ethanolamine
1185371,2,1,Ethanolamine
1185374,2,1,Ethanolamine
1185375,2,1,Ethanolamine
1185378,2,1,Ethanolamine
1185379,2,1,Ethanolamine
1185382,2,1,Ethanolamine
1185383,2,1,Ethanolamine
1185386,2,1,Ethanolamine
1185387,2,1,Ethanolamine
1185390,2,1,Ethanolamine
1185391,2,1,Ethanolamine
1185394,2,1,Ethanolamine
1185395,2,1,Ethanolamine
1185398,2,1,Ethanolamine
1185399,2,1,Ethanolamine
1185402,2,1,Ethanolamine
1185403,2,1,Ethanolamine
1185406,2,1,Ethanolamine
1185407,2,1,Ethanolamine
1185410,2,1,Ethanolamine
1185411,2,1,Ethanolamine
1185414,2,1,Ethanolamine
1185415,2,1,Ethanolamine
1185418,2,1,Ethanolamine
1185419,2,1,Ethanolamine
1185422,2,1,Ethanolamine
1185423,2,1,Ethanolamine
1185426,2,1,Ethanolamine
1185427,2,1,Ethanolamine
1185430,2,1,Ethanolamine
1185431,2,1,Ethanolamine
1185434,2,1,Ethanolamine
1185435,2,1,Ethanolamine
1185438,2,1,Ethanolamine
1185439,2,1,Ethanolamine
1185442,2,1,Ethanolamine
1185443,2,1,Ethanolamine
1185446,2,1,Ethanolamine
1185447,2,1,Ethanolamine
1185450,2,1,Ethanolamine
1185451,2,1,Ethanolamine
1185454,2,1,Ethanolamine
1185455,2,1,Ethanolamine
1185458,2,1,Ethanolamine
1185459,2,1,Ethanolamine
1185462,2,1,Ethanolamine
1185463,2,1,Ethanolamine
1185466,2,1,Ethanolamine
1185467,2,1,Ethanolamine
1185470,2,1,Ethanolamine
1185471,2,1,Ethanolamine
1185474,2,1,Ethanolamine
1185475,2,1,Ethanolamine
1185478,2,1,Ethanolamine
1185479,2,1,Ethanolamine
1185482,2,1,Ethanolamine
1185483,2,1,Ethanolamine
1185486,2,1,Ethanolamine
1185487,2,1,Ethanolamine
1185490,2,1,Ethanolamine
1185491,2,1,Ethanolamine
1185494,2,1,Ethanolamine
1185495,2,1,Ethanolamine
1185498,2,1,Ethanolamine
1185499,2,1,Ethanolamine
1185502,2,1,Ethanolamine
1185503,2,1,Ethanolamine
1185506,2,1,Ethanolamine
1185507,2,1,Ethanolamine
1185510,2,1,Ethanolamine
1185511,2,1,Ethanolamine
1185514,2,1,Ethanolamine
1185515,2,1,Ethanolamine
1185518,2,1,Ethanolamine
1185519,2,1,Ethanolamine
1185522,2,1,Ethanolamine
1185523,2,1,Ethanolamine
1185526,2,1,Ethanolamine
1185527,2,1,Ethanolamine
1185530,2,1,Ethanolamine
1185531,2,1,Ethanolamine
1185534,2,1,Ethanolamine
1185535,2,1,Ethanolamine
1185538,2,1,Ethanolamine
1185539,2,1,Ethanolamine
1185542,2,1,Ethanolamine
1185543,2,1,Ethanolamine
1185546,2,1,Ethanolamine
1185547,2,1,Ethanolamine
1185550,2,1,Ethanolamine
1185551,2,1,Ethanolamine
1185554,2,1,Ethanolamine
1185555,2,1,Ethanolamine
1185558,2,1,Ethanolamine
1185559,2,1,Ethanolamine
1185562,2,1,Ethanolamine
1185563,2,1,Ethanolamine
1185566,2,1,Ethanolamine
1185567,2,1,Ethanolamine
1185570,2,1,Ethanolamine
1185571,2,1,Ethanolamine
1185574,2,1,Ethanolamine
1185575,2,1,Ethanolamine
1185578,2,1,Ethanolamine
1185579,2,1,Ethanolamine
1185582,2,1,Ethanolamine
1185583,2,1,Ethanolamine
1185586,2,1,Ethanolamine
1185587,2,1,Ethanolamine
1185590,2,1,Ethanolamine
1185591,2,1,Ethanolamine
1185594,2,1,Ethanolamine
1185595,2,1,Ethanolamine
1185598,2,1,Ethanolamine
1185599,2,1,Ethanolamine
1185602,2,1,Ethanolamine
1185603,2,1,Ethanolamine
1185606,2,1,Ethanolamine
1185607,2,1,Ethanolamine
1185610,2,1,Ethanolamine
1185611,2,1,Ethanolamine
1185614,2,1,Ethanolamine
1185615,2,1,Ethanolamine
1185618,2,1,Ethanolamine
1185619,2,1,Ethanolamine
1185622,2,1,Ethanolamine
1185623,2,1,Ethanolamine
1185626,2,1,Ethanolamine
1185627,2,1,Ethanolamine
1185630,2,1,Ethanolamine
1185631,2,1,Ethanolamine
1185634,2,1,Ethanolamine
1185635,2,1,Ethanolamine
1185638,2,1,Ethanolamine
1185639,2,1,Ethanolamine
1185642,2,1,Ethanolamine
1185643,2,1,Ethanolamine
1185646,2,1,Ethanolamine
1185647,2,1,Ethanolamine
1185650,2,1,Ethanolamine
1185651,2,1,Ethanolamine
1185654,2,1,Ethanolamine
1185655,2,1,Ethanolamine
1185658,2,1,Ethanolamine
1185659,2,1,Ethanolamine
1185662,2,1,Ethanolamine
1185663,2,1,Ethanolamine
1185666,2,1,Ethanolamine
1185667,2,1,Ethanolamine
1185670,2,1,Ethanolamine
1185671,2,1,Ethanolamine
1185674,2,1,Ethanolamine
1185675,2,1,Ethanolamine
1185678,2,1,Ethanolamine
1185679,2,1,Ethanolamine
1185682,2,1,Ethanolamine
1185683,2,1,Ethanolamine
1185686,2,1,Ethanolamine
1185687,2,1,Ethanolamine
1185690,2,1,Ethanolamine
1185691,2,1,Ethanolamine
1185694,2,1,Ethanolamine
1185695,2,1,Ethanolamine
1185698,2,1,Ethanolamine
1185699,2,1,Ethanolamine
1185702,2,1,Ethanolamine
1185703,2,1,Ethanolamine
1185706,2,1,Ethanolamine
1185707,2,1,Ethanolamine
1185710,2,1,Ethanolamine
1185711,2,1,Ethanolamine
1185714,2,1,Ethanolamine
1185715,2,1,Ethanolamine
1185718,2,1,Ethanolamine
1185719,2,1,Ethanolamine
1185722,2,1,Ethanolamine
1185723,2,1,Ethanolamine
1185726,2,1,Ethanolamine
1185727,2,1,Ethanolamine
1185730,2,1,Ethanolamine
1185731,2,1,Ethanolamine
1185734,2,1,Ethanolamine
1185735,2,1,Ethanolamine
1185738,2,1,Ethanolamine
1185739,2,1,Ethanolamine
1185742,2,1,Ethanolamine
1185743,2,1,Ethanolamine
1185746,2,1,Ethanolamine
1185747,2,1,Ethanolamine
1185750,2,1,Ethanolamine
1185751,2,1,Ethanolamine
1185754,2,1,Ethanolamine
1185755,2,1,Ethanolamine
1185758,2,1,Ethanolamine
1185759,2,1,Ethanolamine
1185762,2,1,Ethanolamine
1185763,2,1,Ethanolamine
1185766,2,1,Ethanolamine
1185767,2,1,Ethanolamine
1185770,2,1,Ethanolamine
1185771,2,1,Ethanolamine
1185774,2,1,Ethanolamine
1185775,2,1,Ethanolamine
1185778,2,1,Ethanolamine
1185779,2,1,Ethanolamine
1185782,2,1,Ethanolamine
1185783,2,1,Ethanolamine
1185786,2,1,Ethanolamine
1185787,2,1,Ethanolamine
1185790,2,1,Ethanolamine
1185791,2,1,Ethanolamine
1185794,2,1,Ethanolamine
1185795,2,1,Ethanolamine
1185798,2,1,Ethanolamine
1185799,2,1,Ethanolamine
1185802,2,1,Ethanolamine
1185803,2,1,Ethanolamine
1185806,2,1,Ethanolamine
1185807,2,1,Ethanolamine
1185810,2,1,Ethanolamine
1185811,2,1,Ethanolamine
1185814,2,1,Ethanolamine
1185815,2,1,Ethanolamine
1185818,2,1,Ethanolamine
1185819,2,1,Ethanolamine
1185822,2,1,Ethanolamine
1185823,2,1,Ethanolamine
1185826,2,1,Ethanolamine
1185827,2,1,Ethanolamine
1185830,2,1,Ethanolamine
1185831,2,1,Ethanolamine
1185834,2,1,Ethanolamine
1185835,2,1,Ethanolamine
1185838,2,1,Ethanolamine
1185839,2,1,Ethanolamine
1185842,2,1,Ethanolamine
1185843,2,1,Ethanolamine
1185846,2,1,Ethanolamine
1185847,2,1,Ethanolamine
1185850,2,1,Ethanolamine
1185851,2,1,Ethanolamine
1185854,2,1,Ethanolamine
1185855,2,1,Ethanolamine
1185858,2,1,Ethanolamine
1185859,2,1,Ethanolamine
1185862,2,1,Ethanolamine
1185863,2,1,Ethanolamine
1185866,2,1,Ethanolamine
1185867,2,1,Ethanolamine
1185870,2,1,Ethanolamine
1185871,2,1,Ethanolamine
1185874,2,1,Ethanolamine
1185875,2,1,Ethanolamine
1185878,2,1,Ethanolamine
1185879,2,1,Ethanolamine
1185882,2,1,Ethanolamine
1185883,2,1,Ethanolamine
1185886,2,1,Ethanolamine
1185887,2,1,Ethanolamine
1185890,2,1,Ethanolamine
1185891,2,1,Ethanolamine
1185894,2,1,Ethanolamine
1185895,2,1,Ethanolamine
1185898,2,1,Ethanolamine
1185899,2,1,Ethanolamine
1185903,2,1,Ethanolamine
1185906,2,1,Ethanolamine
1185907,2,1,Ethanolamine
1185910,2,1,Ethanolamine
1185911,2,1,Ethanolamine
1185914,2,1,Ethanolamine
1185915,2,1,Ethanolamine
1185918,2,1,Ethanolamine
1185919,2,1,Ethanolamine
1185922,2,1,Ethanolamine
1185923,2,1,Ethanolamine
1185926,2,1,Ethanolamine
1185927,2,1,Ethanolamine
1185930,2,1,Ethanolamine
1185931,2,1,Ethanolamine
1185934,2,1,Ethanolamine
1185938,2,1,Ethanolamine
1185939,2,1,Ethanolamine
1185942,2,1,Ethanolamine
1185943,2,1,Ethanolamine
1185946,2,1,Ethanolamine
1185947,2,1,Ethanolamine
1185950,2,1,Ethanolamine
1185951,2,1,Ethanolamine
1185954,2,1,Ethanolamine
1185955,2,1,Ethanolamine
1185958,2,1,Ethanolamine
1185959,2,1,Ethanolamine
1185962,2,1,Ethanolamine
1185963,2,1,Ethanolamine
1185966,2,1,Ethanolamine
1185967,2,1,Ethanolamine
1185970,2,1,Ethanolamine
1185971,2,1,Ethanolamine
1185974,2,1,Ethanolamine
1185975,2,1,Ethanolamine
1185978,2,1,Ethanolamine
1185979,2,1,Ethanolamine
1185982,2,1,Ethanolamine
1185983,2,1,Ethanolamine
1185986,2,1,Ethanolamine
1185987,2,1,Ethanolamine
1185990,2,1,Ethanolamine
1185991,2,1,Ethanolamine
1185994,2,1,Ethanolamine
1185995,2,1,Ethanolamine
1185998,2,1,Ethanolamine
1185999,2,1,Ethanolamine
1186002,2,1,Ethanolamine
1186003,2,1,Ethanolamine
1186006,2,1,Ethanolamine
1186007,2,1,Ethanolamine
1186010,2,1,Ethanolamine
1186011,2,1,Ethanolamine
1186014,2,1,Ethanolamine
1186015,2,1,Ethanolamine
1186018,2,1,Ethanolamine
1186019,2,1,Ethanolamine
1186022,2,1,Ethanolamine
1186023,2,1,Ethanolamine
1186026,2,1,Ethanolamine
1186027,2,1,Ethanolamine
1186030,2,1,Ethanolamine
1186071,2,1,Ethanolamine
1186074,2,1,Ethanolamine
1186079,2,1,Ethanolamine
1186142,2,1,Ethanolamine
1186178,2,1,Ethanolamine
1186183,2,1,Ethanolamine
1186195,2,1,Ethanolamine
1186198,2,1,Ethanolamine
1186202,2,1,Ethanolamine
1186203,2,1,Ethanolamine
1186206,2,1,Ethanolamine
1186210,2,1,Ethanolamine
1186218,2,1,Ethanolamine
1186219,2,1,Ethanolamine
1186222,2,1,Ethanolamine
1186223,2,1,Ethanolamine
1186226,2,1,Ethanolamine
1186227,2,1,Ethanolamine
1186231,2,1,Ethanolamine
1186235,2,1,Ethanolamine
1186238,2,1,Ethanolamine
1186239,2,1,Ethanolamine
1186242,2,1,Ethanolamine
1186246,2,1,Ethanolamine
1186247,2,1,Ethanolamine
1186251,2,1,Ethanolamine
1186254,2,1,Ethanolamine
1186258,2,1,Ethanolamine
1186267,2,1,Ethanolamine
1186270,2,1,Ethanolamine
1186274,2,1,Ethanolamine
1186275,2,1,Ethanolamine
1186543,2,1,Ethanolamine
1196063,2,1,Ethanolamine
1196079,2,1,Ethanolamine
1197845,2,1,Ethanolamine
1197847,2,1,Ethanolamine
1197848,2,1,Ethanolamine
1197849,2,1,Ethanolamine
1197851,2,1,Ethanolamine
1197852,2,1,Ethanolamine
1197853,2,1,Ethanolamine
1197855,2,1,Ethanolamine
1197856,2,1,Ethanolamine
1197857,2,1,Ethanolamine
1197859,2,1,Ethanolamine
1197860,2,1,Ethanolamine
1197861,2,1,Ethanolamine
1197863,2,1,Ethanolamine
1197864,2,1,Ethanolamine
1197865,2,1,Ethanolamine
1197867,2,1,Ethanolamine
1197868,2,1,Ethanolamine
1197869,2,1,Ethanolamine
1197871,2,1,Ethanolamine
1197872,2,1,Ethanolamine
1197873,2,1,Ethanolamine
1197875,2,1,Ethanolamine
1197876,2,1,Ethanolamine
1197877,2,1,Ethanolamine
1197879,2,1,Ethanolamine
1197880,2,1,Ethanolamine
1197881,2,1,Ethanolamine
1197883,2,1,Ethanolamine
1197884,2,1,Ethanolamine
1197885,2,1,Ethanolamine
1197887,2,1,Ethanolamine
1197888,2,1,Ethanolamine
1197889,2,1,Ethanolamine
1197891,2,1,Ethanolamine
1197892,2,1,Ethanolamine
1197893,2,1,Ethanolamine
1197895,2,1,Ethanolamine
1197896,2,1,Ethanolamine
1197897,2,1,Ethanolamine
1197899,2,1,Ethanolamine
1197900,2,1,Ethanolamine
1197901,2,1,Ethanolamine
1197903,2,1,Ethanolamine
1197904,2,1,Ethanolamine
1197905,2,1,Ethanolamine
1197907,2,1,Ethanolamine
1197908,2,1,Ethanolamine
1197909,2,1,Ethanolamine
1197911,2,1,Ethanolamine
1197912,2,1,Ethanolamine
1197913,2,1,Ethanolamine
1197915,2,1,Ethanolamine
1197916,2,1,Ethanolamine
1197917,2,1,Ethanolamine
1197919,2,1,Ethanolamine
1197920,2,1,Ethanolamine
1197921,2,1,Ethanolamine
1197923,2,1,Ethanolamine
1197924,2,1,Ethanolamine
1197925,2,1,Ethanolamine
1197927,2,1,Ethanolamine
1197928,2,1,Ethanolamine
1197929,2,1,Ethanolamine
1197931,2,1,Ethanolamine
1197932,2,1,Ethanolamine
1197933,2,1,Ethanolamine
1197935,2,1,Ethanolamine
1197936,2,1,Ethanolamine
1197937,2,1,Ethanolamine
1197939,2,1,Ethanolamine
1197940,2,1,Ethanolamine
1197941,2,1,Ethanolamine
1197943,2,1,Ethanolamine
1197944,2,1,Ethanolamine
1197945,2,1,Ethanolamine
1197947,2,1,Ethanolamine
1197948,2,1,Ethanolamine
1197949,2,1,Ethanolamine
1197951,2,1,Ethanolamine
1197952,2,1,Ethanolamine
1197953,2,1,Ethanolamine
1197955,2,1,Ethanolamine
1197956,2,1,Ethanolamine
1197957,2,1,Ethanolamine
1197959,2,1,Ethanolamine
1197960,2,1,Ethanolamine
1197961,2,1,Ethanolamine
1197963,2,1,Ethanolamine
1197964,2,1,Ethanolamine
1197965,2,1,Ethanolamine
1197967,2,1,Ethanolamine
1197968,2,1,Ethanolamine
1197969,2,1,Ethanolamine
1197971,2,1,Ethanolamine
1197972,2,1,Ethanolamine
1197973,2,1,Ethanolamine
1197975,2,1,Ethanolamine
1197976,2,1,Ethanolamine
1197977,2,1,Ethanolamine
1197979,2,1,Ethanolamine
1197980,2,1,Ethanolamine
1197981,2,1,Ethanolamine
1197983,2,1,Ethanolamine
1197984,2,1,Ethanolamine
1197985,2,1,Ethanolamine
1197987,2,1,Ethanolamine
1197988,2,1,Ethanolamine
1197989,2,1,Ethanolamine
1197991,2,1,Ethanolamine
1197992,2,1,Ethanolamine
1197993,2,1,Ethanolamine
1197995,2,1,Ethanolamine
1197996,2,1,Ethanolamine
1197997,2,1,Ethanolamine
1197999,2,1,Ethanolamine
1198000,2,1,Ethanolamine
1198001,2,1,Ethanolamine
1198003,2,1,Ethanolamine
1198004,2,1,Ethanolamine
1198005,2,1,Ethanolamine
1198007,2,1,Ethanolamine
1198008,2,1,Ethanolamine
1198009,2,1,Ethanolamine
1198011,2,1,Ethanolamine
1198012,2,1,Ethanolamine
1198013,2,1,Ethanolamine
1198015,2,1,Ethanolamine
1198016,2,1,Ethanolamine
1198017,2,1,Ethanolamine
1198019,2,1,Ethanolamine
1198020,2,1,Ethanolamine
1198021,2,1,Ethanolamine
1198023,2,1,Ethanolamine
1198024,2,1,Ethanolamine
1198025,2,1,Ethanolamine
1198027,2,1,Ethanolamine
1198028,2,1,Ethanolamine
1198029,2,1,Ethanolamine
1198031,2,1,Ethanolamine
1198032,2,1,Ethanolamine
1198033,2,1,Ethanolamine
1198035,2,1,Ethanolamine
1198036,2,1,Ethanolamine
1198037,2,1,Ethanolamine
1198039,2,1,Ethanolamine
1198040,2,1,Ethanolamine
1198041,2,1,Ethanolamine
1198043,2,1,Ethanolamine
1198044,2,1,Ethanolamine
1198045,2,1,Ethanolamine
1198047,2,1,Ethanolamine
1198048,2,1,Ethanolamine
1198049,2,1,Ethanolamine
1198051,2,1,Ethanolamine
1198052,2,1,Ethanolamine
1198053,2,1,Ethanolamine
1198055,2,1,Ethanolamine
1198056,2,1,Ethanolamine
1198057,2,1,Ethanolamine
1198059,2,1,Ethanolamine
1198060,2,1,Ethanolamine
1198061,2,1,Ethanolamine
1198063,2,1,Ethanolamine
1198064,2,1,Ethanolamine
1198065,2,1,Ethanolamine
1198067,2,1,Ethanolamine
1198068,2,1,Ethanolamine
1198069,2,1,Ethanolamine
1198071,2,1,Ethanolamine
1198072,2,1,Ethanolamine
1198073,2,1,Ethanolamine
1198075,2,1,Ethanolamine
1198076,2,1,Ethanolamine
1198077,2,1,Ethanolamine
1198079,2,1,Ethanolamine
1198080,2,1,Ethanolamine
1198081,2,1,Ethanolamine
1198083,2,1,Ethanolamine
1198084,2,1,Ethanolamine
1198085,2,1,Ethanolamine
38618,2,1,Ethanolamine
39074,2,1,Ethanolamine
39738,2,1,Ethanolamine
39740,2,1,Ethanolamine
39838,2,1,Ethanolamine
39907,2,1,Ethanolamine
39912,2,1,Ethanolamine
10844,1,1,caffeine
11118,1,1,caffeine
11119,1,1,caffeine
11120,1,1,caffeine
11123,1,1,caffeine
11124,1,1,caffeine
1184538,1,1,caffeine
1184547,1,1,Ethanolamine
1185344,1,1,Ethanolamine
1185345,1,1,Ethanolamine
1185348,1,1,Ethanolamine
1185349,1,1,Ethanolamine
1185352,1,1,Ethanolamine
1185353,1,1,Ethanolamine
1185356,1,1,Ethanolamine
1185357,1,1,Ethanolamine
1185360,1,1,Ethanolamine
1185361,1,1,Ethanolamine
1185364,1,1,Ethanolamine
1185365,1,1,Ethanolamine
1185368,1,1,Ethanolamine
1185369,1,1,Ethanolamine
1185372,1,1,Ethanolamine
1185373,1,1,Ethanolamine
1185376,1,1,Ethanolamine
1185377,1,1,Ethanolamine
1185380,1,1,Ethanolamine
1185381,1,1,Ethanolamine
1185384,1,1,Ethanolamine
1185385,1,1,Ethanolamine
1185388,1,1,Ethanolamine
1185389,1,1,Ethanolamine
1185392,1,1,Ethanolamine
1185393,1,1,Ethanolamine
1185396,1,1,Ethanolamine
1185397,1,1,Ethanolamine
1185400,1,1,Ethanolamine
1185401,1,1,Ethanolamine
1185404,1,1,Ethanolamine
1185405,1,1,Ethanolamine
1185408,1,1,Ethanolamine
1185409,1,1,Ethanolamine
1185412,1,1,Ethanolamine
1185413,1,1,Ethanolamine
1185416,1,1,Ethanolamine
1185417,1,1,Ethanolamine
1185420,1,1,Ethanolamine
1185421,1,1,Ethanolamine
1185424,1,1,Ethanolamine
1185425,1,1,Ethanolamine
1185428,1,1,Ethanolamine
1185429,1,1,Ethanolamine
1185432,1,1,Ethanolamine
1185433,1,1,Ethanolamine
1185436,1,1,Ethanolamine
1185437,1,1,Ethanolamine
1185440,1,1,Ethanolamine
1185441,1,1,Ethanolamine
1185444,1,1,Ethanolamine
1185445,1,1,Ethanolamine
1185448,1,1,Ethanolamine
1185449,1,1,Ethanolamine
1185452,1,1,Ethanolamine
1185453,1,1,Ethanolamine
1185456,1,1,Ethanolamine
1185457,1,1,Ethanolamine
1185460,1,1,Ethanolamine
1185461,1,1,Ethanolamine
1185464,1,1,Ethanolamine
1185465,1,1,Ethanolamine
1185468,1,1,Ethanolamine
1185469,1,1,Ethanolamine
1185472,1,1,Ethanolamine
1185473,1,1,Ethanolamine
1185476,1,1,Ethanolamine
1185477,1,1,Ethanolamine
1185480,1,1,Ethanolamine
1185481,1,1,Ethanolamine
1185484,1,1,Ethanolamine
1185485,1,1,Ethanolamine
1185488,1,1,Ethanolamine
1185489,1,1,Ethanolamine
1185492,1,1,Ethanolamine
1185493,1,1,Ethanolamine
1185496,1,1,Ethanolamine
1185497,1,1,Ethanolamine
1185500,1,1,Ethanolamine
1185501,1,1,Ethanolamine
1185504,1,1,Ethanolamine
1185505,1,1,Ethanolamine
1185508,1,1,Ethanolamine
1185509,1,1,Ethanolamine
1185512,1,1,Ethanolamine
1185513,1,1,Ethanolamine
1185516,1,1,Ethanolamine
1185517,1,1,Ethanolamine
1185520,1,1,Ethanolamine
1185521,1,1,Ethanolamine
1185524,1,1,Ethanolamine
1185525,1,1,Ethanolamine
1185528,1,1,Ethanolamine
1185529,1,1,Ethanolamine
1185532,1,1,Ethanolamine
1185533,1,1,Ethanolamine
1185536,1,1,Ethanolamine
1185537,1,1,Ethanolamine
1185540,1,1,Ethanolamine
1185541,1,1,Ethanolamine
1185544,1,1,Ethanolamine
1185545,1,1,Ethanolamine
1185548,1,1,Ethanolamine
1185549,1,1,Ethanolamine
1185552,1,1,Ethanolamine
1185553,1,1,Ethanolamine
1185556,1,1,Ethanolamine
1185557,1,1,Ethanolamine
1185560,1,1,Ethanolamine
1185561,1,1,Ethanolamine
1185564,1,1,Ethanolamine
1185565,1,1,Ethanolamine
1185568,1,1,Ethanolamine
1185569,1,1,Ethanolamine
1185572,1,1,Ethanolamine
1185573,1,1,Ethanolamine
1185576,1,1,Ethanolamine
1185577,1,1,Ethanolamine
1185580,1,1,Ethanolamine
1185581,1,1,Ethanolamine
1185584,1,1,Ethanolamine
1185585,1,1,Ethanolamine
1185588,1,1,Ethanolamine
1185589,1,1,Ethanolamine
1185592,1,1,Ethanolamine
1185593,1,1,Ethanolamine
1185596,1,1,Ethanolamine
1185597,1,1,Ethanolamine
1185600,1,1,Ethanolamine
1185601,1,1,Ethanolamine
1185604,1,1,Ethanolamine
1185605,1,1,Ethanolamine
1185608,1,1,Ethanolamine
1185609,1,1,Ethanolamine
1185612,1,1,Ethanolamine
1185613,1,1,Ethanolamine
1185616,1,1,Ethanolamine
1185617,1,1,Ethanolamine
1185620,1,1,Ethanolamine
1185621,1,1,Ethanolamine
1185624,1,1,Ethanolamine
1185625,1,1,Ethanolamine
1185628,1,1,Ethanolamine
1185629,1,1,Ethanolamine
1185632,1,1,Ethanolamine
1185633,1,1,Ethanolamine
1185636,1,1,Ethanolamine
1185637,1,1,Ethanolamine
1185640,1,1,Ethanolamine
1185641,1,1,Ethanolamine
1185644,1,1,Ethanolamine
1185645,1,1,Ethanolamine
1185648,1,1,Ethanolamine
1185649,1,1,Ethanolamine
1185652,1,1,Ethanolamine
1185653,1,1,Ethanolamine
1185656,1,1,Ethanolamine
1185657,1,1,Ethanolamine
1185660,1,1,Ethanolamine
1185661,1,1,Ethanolamine
1185664,1,1,Ethanolamine
1185665,1,1,Ethanolamine
1185668,1,1,Ethanolamine
1185669,1,1,Ethanolamine
1185672,1,1,Ethanolamine
1185673,1,1,Ethanolamine
1185676,1,1,Ethanolamine
1185677,1,1,Ethanolamine
1185680,1,1,Ethanolamine
1185681,1,1,Ethanolamine
1185684,1,1,Ethanolamine
1185685,1,1,Ethanolamine
1185688,1,1,Ethanolamine
1185689,1,1,Ethanolamine
1185692,1,1,Ethanolamine
1185693,1,1,Ethanolamine
1185696,1,1,Ethanolamine
1185697,1,1,Ethanolamine
1185700,1,1,Ethanolamine
1185701,1,1,Ethanolamine
1185704,1,1,Ethanolamine
1185705,1,1,Ethanolamine
1185708,1,1,Ethanolamine
1185709,1,1,Ethanolamine
1185712,1,1,Ethanolamine
1185713,1,1,Ethanolamine
1185716,1,1,Ethanolamine
1185717,1,1,Ethanolamine
1185720,1,1,Ethanolamine
1185721,1,1,Ethanolamine
1185724,1,1,Ethanolamine
1185725,1,1,Ethanolamine
1185728,1,1,Ethanolamine
1185729,1,1,Ethanolamine
1185732,1,1,Ethanolamine
1185733,1,1,Ethanolamine
1185736,1,1,Ethanolamine
1185737,1,1,Ethanolamine
1185740,1,1,Ethanolamine
1185741,1,1,Ethanolamine
1185744,1,1,Ethanolamine
1185745,1,1,Ethanolamine
1185748,1,1,Ethanolamine
1185749,1,1,Ethanolamine
1185752,1,1,Ethanolamine
1185753,1,1,Ethanolamine
1185756,1,1,Ethanolamine
1185757,1,1,Ethanolamine
1185760,1,1,Ethanolamine
1185761,1,1,Ethanolamine
1185764,1,1,Ethanolamine
1185765,1,1,Ethanolamine
1185768,1,1,Ethanolamine
1185769,1,1,Ethanolamine
1185772,1,1,Ethanolamine
1185773,1,1,Ethanolamine
1185776,1,1,Ethanolamine
1185777,1,1,Ethanolamine
1185780,1,1,Ethanolamine
1185781,1,1,Ethanolamine
1185784,1,1,Ethanolamine
1185785,1,1,Ethanolamine
1185788,1,1,Ethanolamine
1185789,1,1,Ethanolamine
1185792,1,1,Ethanolamine
1185793,1,1,Ethanolamine
1185796,1,1,Ethanolamine
1185797,1,1,Ethanolamine
1185800,1,1,Ethanolamine
1185801,1,1,Ethanolamine
1185804,1,1,Ethanolamine
1185805,1,1,Ethanolamine
1185808,1,1,Ethanolamine
1185809,1,1,Ethanolamine
1185812,1,1,Ethanolamine
1185813,1,1,Ethanolamine
1185816,1,1,Ethanolamine
1185817,1,1,Ethanolamine
1185820,1,1,Ethanolamine
1185821,1,1,Ethanolamine
1185824,1,1,Ethanolamine
1185825,1,1,Ethanolamine
1185828,1,1,Ethanolamine
1185829,1,1,Ethanolamine
1185832,1,1,Ethanolamine
1185833,1,1,Ethanolamine
1185836,1,1,Ethanolamine
1185837,1,1,Ethanolamine
1185840,1,1,Ethanolamine
1185841,1,1,Ethanolamine
1185844,1,1,Ethanolamine
1185848,1,1,Ethanolamine
1185849,1,1,Ethanolamine
1185852,1,1,Ethanolamine
1185853,1,1,Ethanolamine
1185856,1,1,Ethanolamine
1185857,1,1,Ethanolamine
1185860,1,1,Ethanolamine
1185861,1,1,Ethanolamine
1185864,1,1,Ethanolamine
1185865,1,1,Ethanolamine
1185868,1,1,Ethanolamine
1185869,1,1,Ethanolamine
1185872,1,1,Ethanolamine
1185873,1,1,Ethanolamine
1185876,1,1,Ethanolamine
1185877,1,1,Ethanolamine
1185880,1,1,Ethanolamine
1185881,1,1,Ethanolamine
1185884,1,1,Ethanolamine
1185885,1,1,Ethanolamine
1185888,1,1,Ethanolamine
1185889,1,1,Ethanolamine
1185892,1,1,Ethanolamine
1185893,1,1,Ethanolamine
1185896,1,1,Ethanolamine
1185897,1,1,Ethanolamine
1185900,1,1,Ethanolamine
1185901,1,1,Ethanolamine
1185904,1,1,Ethanolamine
1185905,1,1,Ethanolamine
1185908,1,1,Ethanolamine
1185909,1,1,Ethanolamine
1185912,1,1,Ethanolamine
1185913,1,1,Ethanolamine
1185916,1,1,Ethanolamine
1185917,1,1,Ethanolamine
1185920,1,1,Ethanolamine
1185921,1,1,Ethanolamine
1185924,1,1,Ethanolamine
1185925,1,1,Ethanolamine
1185928,1,1,Ethanolamine
1185929,1,1,Ethanolamine
1185932,1,1,Ethanolamine
1185933,1,1,Ethanolamine
1185936,1,1,Ethanolamine
1185937,1,1,Ethanolamine
1185940,1,1,Ethanolamine
1185941,1,1,Ethanolamine
1185944,1,1,Ethanolamine
1185945,1,1,Ethanolamine
1185948,1,1,Ethanolamine
1185949,1,1,Ethanolamine
1185952,1,1,Ethanolamine
1185953,1,1,Ethanolamine
1185956,1,1,Ethanolamine
1185957,1,1,Ethanolamine
1185960,1,1,Ethanolamine
1185961,1,1,Ethanolamine
1185964,1,1,Ethanolamine
1185965,1,1,Ethanolamine
1185968,1,1,Ethanolamine
1185969,1,1,Ethanolamine
1185972,1,1,Ethanolamine
1185973,1,1,Ethanolamine
1185976,1,1,Ethanolamine
1185977,1,1,Ethanolamine
1185980,1,1,Ethanolamine
1185981,1,1,Ethanolamine
1185984,1,1,Ethanolamine
1185985,1,1,Ethanolamine
1185988,1,1,Ethanolamine
1185989,1,1,Ethanolamine
1185992,1,1,Ethanolamine
1185993,1,1,Ethanolamine
1185996,1,1,Ethanolamine
1185997,1,1,Ethanolamine
1186000,1,1,Ethanolamine
1186001,1,1,Ethanolamine
1186004,1,1,Ethanolamine
1186005,1,1,Ethanolamine
1186008,1,1,Ethanolamine
1186009,1,1,Ethanolamine
1186012,1,1,Ethanolamine
1186013,1,1,Ethanolamine
1186016,1,1,Ethanolamine
1186017,1,1,Ethanolamine
1186020,1,1,Ethanolamine
1186021,1,1,Ethanolamine
1186024,1,1,Ethanolamine
1186025,1,1,Ethanolamine
1186049,1,1,Ethanolamine
1186073,1,1,Ethanolamine
1186173,1,1,Ethanolamine
1186181,1,1,Ethanolamine
1186189,1,1,Ethanolamine
1186204,1,1,Ethanolamine
1186208,1,1,Ethanolamine
1186213,1,1,Ethanolamine
1186217,1,1,Ethanolamine
1186220,1,1,Ethanolamine
1186224,1,1,Ethanolamine
1186225,1,1,Ethanolamine
1186228,1,1,Ethanolamine
1186229,1,1,Ethanolamine
1186232,1,1,Ethanolamine
1186237,1,1,Ethanolamine
1186240,1,1,Ethanolamine
1186241,1,1,Ethanolamine
1186244,1,1,Ethanolamine
1186249,1,1,Ethanolamine
1186252,1,1,Ethanolamine
1186256,1,1,Ethanolamine
1186261,1,1,Ethanolamine
1186264,1,1,Ethanolamine
1186269,1,1,Ethanolamine
1186273,1,1,Ethanolamine
1186276,1,1,Ethanolamine
1186277,1,1,Ethanolamine
1186345,1,1,Ethanolamine
1186364,1,1,Ethanolamine
1196062,1,1,Ethanolamine
1196078,1,1,Ethanolamine
1197846,1,1,Ethanolamine
1197850,1,1,Ethanolamine
1197854,1,1,Ethanolamine
1197858,1,1,Ethanolamine
1197862,1,1,Ethanolamine
1197866,1,1,Ethanolamine
1197870,1,1,Ethanolamine
1197874,1,1,Ethanolamine
1197878,1,1,Ethanolamine
1197882,1,1,Ethanolamine
1197886,1,1,Ethanolamine
1197890,1,1,Ethanolamine
1197894,1,1,Ethanolamine
1197898,1,1,Ethanolamine
1197902,1,1,Ethanolamine
1197906,1,1,Ethanolamine
1197910,1,1,Ethanolamine
1197914,1,1,Ethanolamine
1197918,1,1,Ethanolamine
1197922,1,1,Ethanolamine
1197926,1,1,Ethanolamine
1197930,1,1,Ethanolamine
1197934,1,1,Ethanolamine
1197938,1,1,Ethanolamine
1197942,1,1,Ethanolamine
1197946,1,1,Ethanolamine
1197950,1,1,Ethanolamine
1197954,1,1,Ethanolamine
1197958,1,1,Ethanolamine
1197962,1,1,Ethanolamine
1197966,1,1,Ethanolamine
1197970,1,1,Ethanolamine
1197974,1,1,Ethanolamine
1197978,1,1,Ethanolamine
1197982,1,1,Ethanolamine
1197986,1,1,Ethanolamine
1197990,1,1,Ethanolamine
1197994,1,1,Ethanolamine
1197998,1,1,Ethanolamine
1198002,1,1,Ethanolamine
1198006,1,1,Ethanolamine
1198010,1,1,Ethanolamine
1198014,1,1,Ethanolamine
1198018,1,1,Ethanolamine
1198022,1,1,Ethanolamine
1198026,1,1,Ethanolamine
1198030,1,1,Ethanolamine
1198034,1,1,Ethanolamine
1198038,1,1,Ethanolamine
1198042,1,1,Ethanolamine
1198046,1,1,Ethanolamine
1198050,1,1,Ethanolamine
1198054,1,1,Ethanolamine
1198058,1,1,Ethanolamine
1198062,1,1,Ethanolamine
1198066,1,1,Ethanolamine
1198070,1,1,Ethanolamine
1198074,1,1,Ethanolamine
1198078,1,1,Ethanolamine
1198082,1,1,Ethanolamine
1198087,1,1,Ethanolamine
1198088,1,1,Ethanolamine
1198089,1,1,Ethanolamine
1198091,1,1,Ethanolamine
1198092,1,1,Ethanolamine
1198093,1,1,Ethanolamine
1198095,1,1,Ethanolamine
1198096,1,1,Ethanolamine
1198097,1,1,Ethanolamine
1198099,1,1,Ethanolamine
1198100,1,1,Ethanolamine
1198101,1,1,Ethanolamine
1198103,1,1,Ethanolamine
1198104,1,1,Ethanolamine
1198105,1,1,Ethanolamine
1198107,1,1,Ethanolamine
1198108,1,1,Ethanolamine
1198109,1,1,Ethanolamine
1198111,1,1,Ethanolamine
1198112,1,1,Ethanolamine
1198113,1,1,Ethanolamine
1198115,1,1,Ethanolamine
1198116,1,1,Ethanolamine
1198117,1,1,Ethanolamine
1198119,1,1,Ethanolamine
1198120,1,1,Ethanolamine
1198121,1,1,Ethanolamine
1198123,1,1,Ethanolamine
1198124,1,1,Ethanolamine
1198125,1,1,Ethanolamine
1198127,1,1,Ethanolamine
1198128,1,1,Ethanolamine
1198129,1,1,Ethanolamine
1198131,1,1,Ethanolamine
1198132,1,1,Ethanolamine
1198133,1,1,Ethanolamine
1198135,1,1,Ethanolamine
1198136,1,1,Ethanolamine
1198137,1,1,Ethanolamine
1198139,1,1,Ethanolamine
1198140,1,1,Ethanolamine
1198141,1,1,Ethanolamine
1198143,1,1,Ethanolamine
1198144,1,1,Ethanolamine
1198145,1,1,Ethanolamine
1198147,1,1,Ethanolamine
1198148,1,1,Ethanolamine
1198149,1,1,Ethanolamine
1198151,1,1,Ethanolamine
1198152,1,1,Ethanolamine
1198153,1,1,Ethanolamine
1198155,1,1,Ethanolamine
1198156,1,1,Ethanolamine
1198157,1,1,Ethanolamine
1198159,1,1,Ethanolamine
1198160,1,1,Ethanolamine
1198161,1,1,Ethanolamine
1198163,1,1,Ethanolamine
1198164,1,1,Ethanolamine
1198165,1,1,Ethanolamine
1198167,1,1,Ethanolamine
1198168,1,1,Ethanolamine
1198169,1,1,Ethanolamine
1198171,1,1,Ethanolamine
1198172,1,1,Ethanolamine
1198173,1,1,Ethanolamine
1198175,1,1,Ethanolamine
1198176,1,1,Ethanolamine
1198177,1,1,Ethanolamine
1198179,1,1,Ethanolamine
1198180,1,1,Ethanolamine
1198181,1,1,Ethanolamine
1198183,1,1,Ethanolamine
1198184,1,1,Ethanolamine
1198185,1,1,Ethanolamine
1198187,1,1,Ethanolamine
1198188,1,1,Ethanolamine
1198189,1,1,Ethanolamine
1198191,1,1,Ethanolamine
1198192,1,1,Ethanolamine
1198193,1,1,Ethanolamine
1198195,1,1,Ethanolamine
1198196,1,1,Ethanolamine
1198197,1,1,Ethanolamine
1198199,1,1,Ethanolamine
1198200,1,1,Ethanolamine
1198201,1,1,Ethanolamine
1198203,1,1,Ethanolamine
1198204,1,1,Ethanolamine
1198205,1,1,Ethanolamine
1198207,1,1,Ethanolamine
1198208,1,1,Ethanolamine
1198209,1,1,Ethanolamine
1198211,1,1,Ethanolamine
1198212,1,1,Ethanolamine
1198213,1,1,Ethanolamine
1198215,1,1,Ethanolamine
1198216,1,1,Ethanolamine
1198217,1,1,Ethanolamine
1198219,1,1,Ethanolamine
1198220,1,1,Ethanolamine
1198221,1,1,Ethanolamine
1198223,1,1,Ethanolamine
1198224,1,1,Ethanolamine
1198225,1,1,Ethanolamine
1198227,1,1,Ethanolamine
1198228,1,1,Ethanolamine
1198229,1,1,Ethanolamine
1198231,1,1,Ethanolamine
1198232,1,1,Ethanolamine
1198233,1,1,Ethanolamine
1198235,1,1,Ethanolamine
1198236,1,1,Ethanolamine
1198237,1,1,Ethanolamine
1198239,1,1,Ethanolamine
1198240,1,1,Ethanolamine
1198241,1,1,Ethanolamine
1198243,1,1,Ethanolamine
1198244,1,1,Ethanolamine
1198245,1,1,Ethanolamine
1198247,1,1,Ethanolamine
1198248,1,1,Ethanolamine
1198249,1,1,Ethanolamine
1198251,1,1,Ethanolamine
1198252,1,1,Ethanolamine
1198253,1,1,Ethanolamine
1198255,1,1,Ethanolamine
1198256,1,1,Ethanolamine
1198257,1,1,Ethanolamine
1198259,1,1,Ethanolamine
1198260,1,1,Ethanolamine
1198261,1,1,Ethanolamine
1198263,1,1,Ethanolamine
1198264,1,1,Ethanolamine
1198265,1,1,Ethanolamine
1198267,1,1,Ethanolamine
1198268,1,1,Ethanolamine
1198269,1,1,Ethanolamine
1198271,1,1,Ethanolamine
1198272,1,1,Ethanolamine
1198273,1,1,Ethanolamine
1198275,1,1,Ethanolamine
1198276,1,1,Ethanolamine
1198277,1,1,Ethanolamine
1198279,1,1,Ethanolamine
1198280,1,1,Ethanolamine
1198281,1,1,Ethanolamine
1198283,1,1,Ethanolamine
1198284,1,1,Ethanolamine
1198285,1,1,Ethanolamine
1198287,1,1,Ethanolamine
1198288,1,1,Ethanolamine
1198289,1,1,Ethanolamine
1198291,1,1,Ethanolamine
1198292,1,1,Ethanolamine
1198293,1,1,Ethanolamine
1198295,1,1,Ethanolamine
1198296,1,1,Ethanolamine
1198297,1,1,Ethanolamine
1198299,1,1,Ethanolamine
1198300,1,1,Ethanolamine
1198301,1,1,Ethanolamine
1198303,1,1,Ethanolamine
1198304,1,1,Ethanolamine
1198305,1,1,Ethanolamine
1198307,1,1,Ethanolamine
1198308,1,1,Ethanolamine
1198309,1,1,Ethanolamine
1198311,1,1,Ethanolamine
1198312,1,1,Ethanolamine
1198313,1,1,Ethanolamine
1198315,1,1,Ethanolamine
1198316,1,1,Ethanolamine
1198317,1,1,Ethanolamine
1198319,1,1,Ethanolamine
1198320,1,1,Ethanolamine
1198321,1,1,Ethanolamine
1198323,1,1,Ethanolamine
1198324,1,1,Ethanolamine
1198325,1,1,Ethanolamine
1198327,1,1,Ethanolamine
1198328,1,1,Ethanolamine
1198329,1,1,Ethanolamine
1198331,1,1,Ethanolamine
1198332,1,1,Ethanolamine
1198333,1,1,Ethanolamine
1198335,1,1,Ethanolamine
1198336,1,1,Ethanolamine
1198337,1,1,Ethanolamine
1198339,1,1,Ethanolamine
1198340,1,1,Ethanolamine
1198341,1,1,Ethanolamine
1198343,1,1,Ethanolamine
1198344,1,1,Ethanolamine
1198345,1,1,Ethanolamine
1198347,1,1,Ethanolamine
1198348,1,1,Ethanolamine
1198349,1,1,Ethanolamine
1198351,1,1,Ethanolamine
1198352,1,1,Ethanolamine
1198353,1,1,Ethanolamine
1198355,1,1,Ethanolamine
1198356,1,1,Ethanolamine
1198357,1,1,Ethanolamine
1198359,1,1,Ethanolamine
1198360,1,1,Ethanolamine
1198361,1,1,Ethanolamine
1198363,1,1,Ethanolamine
1198364,1,1,Ethanolamine
1198365,1,1,Ethanolamine
1198367,1,1,Ethanolamine
1198368,1,1,Ethanolamine
1198369,1,1,Ethanolamine
1198371,1,1,Ethanolamine
1198372,1,1,Ethanolamine
1198373,1,1,Ethanolamine
1198375,1,1,Ethanolamine
1198376,1,1,Ethanolamine
1198377,1,1,Ethanolamine
1198379,1,1,Ethanolamine
1198380,1,1,Ethanolamine
1198381,1,1,Ethanolamine
1198383,1,1,Ethanolamine
1198384,1,1,Ethanolamine
1198385,1,1,Ethanolamine
1198387,1,1,Ethanolamine
1198388,1,1,Ethanolamine
1198389,1,1,Ethanolamine
1198391,1,1,Ethanolamine
1198392,1,1,Ethanolamine
1198393,1,1,Ethanolamine
1198395,1,1,Ethanolamine
1198396,1,1,Ethanolamine
1198397,1,1,Ethanolamine
1198399,1,1,Ethanolamine
1198400,1,1,Ethanolamine
1198401,1,1,Ethanolamine
1198403,1,1,Ethanolamine
1198404,1,1,Ethanolamine
1198405,1,1,Ethanolamine
1198407,1,1,Ethanolamine
1198408,1,1,Ethanolamine
1198409,1,1,Ethanolamine
1198411,1,1,Ethanolamine
1198412,1,1,Ethanolamine
1198413,1,1,Ethanolamine
1198415,1,1,Ethanolamine
1198416,1,1,Ethanolamine
1198417,1,1,Ethanolamine
1198419,1,1,Ethanolamine
1198420,1,1,Ethanolamine
1198421,1,1,Ethanolamine
1198423,1,1,Ethanolamine
1198424,1,1,Ethanolamine
1198425,1,1,Ethanolamine
1198427,1,1,Ethanolamine
1198428,1,1,Ethanolamine
1198429,1,1,Ethanolamine
1198431,1,1,Ethanolamine
1198432,1,1,Ethanolamine
1198433,1,1,Ethanolamine
1198435,1,1,Ethanolamine
1198436,1,1,Ethanolamine
1198437,1,1,Ethanolamine
1198439,1,1,Ethanolamine
1198440,1,1,Ethanolamine
1198441,1,1,Ethanolamine
1198443,1,1,Ethanolamine
1198444,1,1,Ethanolamine
1198445,1,1,Ethanolamine
1198447,1,1,Ethanolamine
1198448,1,1,Ethanolamine
1198449,1,1,Ethanolamine
1198451,1,1,Ethanolamine
1198452,1,1,Ethanolamine
1198453,1,1,Ethanolamine
1198455,1,1,Ethanolamine
1198456,1,1,Ethanolamine
1198457,1,1,Ethanolamine
1198459,1,1,Ethanolamine
1198460,1,1,Ethanolamine
1198461,1,1,Ethanolamine
1198463,1,1,Ethanolamine
1198464,1,1,Ethanolamine
1198465,1,1,Ethanolamine
1198467,1,1,Ethanolamine
1198468,1,1,Ethanolamine
1198469,1,1,Ethanolamine
1198471,1,1,Ethanolamine
1198472,1,1,Ethanolamine
1198473,1,1,Ethanolamine
1198475,1,1,Ethanolamine
1198476,1,1,Ethanolamine
1198477,1,1,Ethanolamine
1198479,1,1,Ethanolamine
1198480,1,1,Ethanolamine
1198481,1,1,Ethanolamine
1198483,1,1,Ethanolamine
1198484,1,1,Ethanolamine
1198485,1,1,Ethanolamine
1198487,1,1,Ethanolamine
1198488,1,1,Ethanolamine
1198489,1,1,Ethanolamine
1198491,1,1,Ethanolamine
1198492,1,1,Ethanolamine
1198493,1,1,Ethanolamine
1198495,1,1,Ethanolamine
1198496,1,1,Ethanolamine
1198497,1,1,Ethanolamine
1198499,1,1,Ethanolamine
1198500,1,1,Ethanolamine
1198501,1,1,Ethanolamine
1198503,1,1,Ethanolamine
1198504,1,1,Ethanolamine
1198505,1,1,Ethanolamine
1198507,1,1,Ethanolamine
1198508,1,1,Ethanolamine
1198509,1,1,Ethanolamine
1198511,1,1,Ethanolamine
1198512,1,1,Ethanolamine
1198513,1,1,Ethanolamine
1198515,1,1,Ethanolamine
1198516,1,1,Ethanolamine
1198517,1,1,Ethanolamine
1198519,1,1,Ethanolamine
1198520,1,1,Ethanolamine
1198521,1,1,Ethanolamine
1198523,1,1,Ethanolamine
1198524,1,1,Ethanolamine
1198525,1,1,Ethanolamine
1198527,1,1,Ethanolamine
1198528,1,1,Ethanolamine
1198529,1,1,Ethanolamine
1198531,1,1,Ethanolamine
1198532,1,1,Ethanolamine
1198533,1,1,Ethanolamine
1198535,1,1,Ethanolamine
1198536,1,1,Ethanolamine
1198537,1,1,Ethanolamine
1198539,1,1,Ethanolamine
1198540,1,1,Ethanolamine
1198541,1,1,Ethanolamine
1198543,1,1,Ethanolamine
1198544,1,1,Ethanolamine
1198545,1,1,Ethanolamine
1198547,1,1,Ethanolamine
1198548,1,1,Ethanolamine
1198549,1,1,Ethanolamine
1198551,1,1,Ethanolamine
1198552,1,1,Ethanolamine
1198553,1,1,Ethanolamine
1198555,1,1,Ethanolamine
1198556,1,1,Ethanolamine
1198557,1,1,Ethanolamine
1198559,1,1,Ethanolamine
1198560,1,1,Ethanolamine
1198561,1,1,Ethanolamine
1198563,1,1,Ethanolamine
1198564,1,1,Ethanolamine
1198565,1,1,Ethanolamine
1198567,1,1,Ethanolamine
1198568,1,1,Ethanolamine
1198569,1,1,Ethanolamine
1198571,1,1,Ethanolamine
1198572,1,1,Ethanolamine
1198573,1,1,Ethanolamine
1198575,1,1,Ethanolamine
1198576,1,1,Ethanolamine
1198577,1,1,Ethanolamine
1198579,1,1,Ethanolamine
1198580,1,1,Ethanolamine
1198581,1,1,Ethanolamine
1198583,1,1,Ethanolamine
1198584,1,1,Ethanolamine
1198585,1,1,Ethanolamine
1198587,1,1,Ethanolamine
1198588,1,1,Ethanolamine
1198589,1,1,Ethanolamine
1198591,1,1,Ethanolamine
1198592,1,1,Ethanolamine
1198593,1,1,Ethanolamine
1198595,1,1,Ethanolamine
1198596,1,1,Ethanolamine
1198597,1,1,Ethanolamine
1198599,1,1,Ethanolamine
1198600,1,1,Ethanolamine
1198601,1,1,Ethanolamine
1198603,1,1,Ethanolamine
1198604,1,1,Ethanolamine
1198605,1,1,Ethanolamine
1198607,1,1,Ethanolamine
1198608,1,1,Ethanolamine
1198609,1,1,Ethanolamine
1198611,1,1,Ethanolamine
1198612,1,1,Ethanolamine
1198613,1,1,Ethanolamine
1198615,1,1,Ethanolamine
1198616,1,1,Ethanolamine
1198617,1,1,Ethanolamine
1198619,1,1,Ethanolamine
1198620,1,1,Ethanolamine
1198621,1,1,Ethanolamine
1198623,1,1,Ethanolamine
1198624,1,1,Ethanolamine
1198625,1,1,Ethanolamine
1198627,1,1,Ethanolamine
1198628,1,1,Ethanolamine
1198629,1,1,Ethanolamine
1198631,1,1,Ethanolamine
1198632,1,1,Ethanolamine
1198633,1,1,Ethanolamine
1198635,1,1,Ethanolamine
1198636,1,1,Ethanolamine
1198637,1,1,Ethanolamine
1198639,1,1,Ethanolamine
1198640,1,1,Ethanolamine
1198641,1,1,Ethanolamine
1198643,1,1,Ethanolamine
1198644,1,1,Ethanolamine
1198645,1,1,Ethanolamine
1198647,1,1,Ethanolamine
1198648,1,1,Ethanolamine
1198649,1,1,Ethanolamine
1198651,1,1,Ethanolamine
1198652,1,1,Ethanolamine
1198653,1,1,Ethanolamine
1198655,1,1,Ethanolamine
1198656,1,1,Ethanolamine
1198657,1,1,Ethanolamine
1198659,1,1,Ethanolamine
1198660,1,1,Ethanolamine
1198661,1,1,Ethanolamine
1198663,1,1,Ethanolamine
1198664,1,1,Ethanolamine
1198665,1,1,Ethanolamine
1198667,1,1,Ethanolamine
1198668,1,1,Ethanolamine
1198669,1,1,Ethanolamine
1198671,1,1,Ethanolamine
1198672,1,1,Ethanolamine
1198673,1,1,Ethanolamine
1198675,1,1,Ethanolamine
1198676,1,1,Ethanolamine
1198677,1,1,Ethanolamine
1198679,1,1,Ethanolamine
1198680,1,1,Ethanolamine
1198681,1,1,Ethanolamine
1198683,1,1,Ethanolamine
1198684,1,1,Ethanolamine
1198685,1,1,Ethanolamine
1198687,1,1,Ethanolamine
1198688,1,1,Ethanolamine
1198689,1,1,Ethanolamine
1198691,1,1,Ethanolamine
1198692,1,1,Ethanolamine
1198693,1,1,Ethanolamine
1198695,1,1,Ethanolamine
1198696,1,1,Ethanolamine
1198697,1,1,Ethanolamine
1198699,1,1,Ethanolamine
1198700,1,1,Ethanolamine
1198701,1,1,Ethanolamine
1198703,1,1,Ethanolamine
1198704,1,1,Ethanolamine
1198705,1,1,Ethanolamine
1198707,1,1,Ethanolamine
1198708,1,1,Ethanolamine
1198709,1,1,Ethanolamine
1198711,1,1,Ethanolamine
1198712,1,1,Ethanolamine
1198713,1,1,Ethanolamine
1198715,1,1,Ethanolamine
1198716,1,1,Ethanolamine
1198717,1,1,Ethanolamine
1198719,1,1,Ethanolamine
1198720,1,1,Ethanolamine
1198721,1,1,Ethanolamine
1198723,1,1,Ethanolamine
1198724,1,1,Ethanolamine
1198725,1,1,Ethanolamine
1198727,1,1,Ethanolamine
1198728,1,1,Ethanolamine
1198729,1,1,Ethanolamine
1198731,1,1,Ethanolamine
1198732,1,1,Ethanolamine
1198733,1,1,Ethanolamine
1198735,1,1,Ethanolamine
1198736,1,1,Ethanolamine
1198737,1,1,Ethanolamine
1198739,1,1,Ethanolamine
1198740,1,1,Ethanolamine
1198741,1,1,Ethanolamine
1198743,1,1,Ethanolamine
1198744,1,1,Ethanolamine
1198745,1,1,Ethanolamine
1198747,1,1,Ethanolamine
1198748,1,1,Ethanolamine
1198749,1,1,Ethanolamine
1198751,1,1,Ethanolamine
1198752,1,1,Ethanolamine
1198753,1,1,Ethanolamine
1198755,1,1,Ethanolamine
1198756,1,1,Ethanolamine
1198757,1,1,Ethanolamine
1198759,1,1,Ethanolamine
1198760,1,1,Ethanolamine
1198761,1,1,Ethanolamine
1198763,1,1,Ethanolamine
1198764,1,1,Ethanolamine
1198765,1,1,Ethanolamine
1198767,1,1,Ethanolamine
1198768,1,1,Ethanolamine
1198769,1,1,Ethanolamine
1198771,1,1,Ethanolamine
1198772,1,1,Ethanolamine
1198773,1,1,Ethanolamine
1198775,1,1,Ethanolamine
1198776,1,1,Ethanolamine
1198777,1,1,Ethanolamine
1198779,1,1,Ethanolamine
1198780,1,1,Ethanolamine
1198781,1,1,Ethanolamine
1198783,1,1,Ethanolamine
1198784,1,1,Ethanolamine
1198785,1,1,Ethanolamine
1198787,1,1,Ethanolamine
1198788,1,1,Ethanolamine
1198789,1,1,Ethanolamine
1198791,1,1,Ethanolamine
1198792,1,1,Ethanolamine
1198793,1,1,Ethanolamine
1198795,1,1,Ethanolamine
1198796,1,1,Ethanolamine
1198797,1,1,Ethanolamine
1198799,1,1,Ethanolamine
1198800,1,1,Ethanolamine
1198801,1,1,Ethanolamine
1198803,1,1,Ethanolamine
1198804,1,1,Ethanolamine
1198805,1,1,Ethanolamine
1198807,1,1,Ethanolamine
1198808,1,1,Ethanolamine
1198809,1,1,Ethanolamine
1198811,1,1,Ethanolamine
1198812,1,1,Ethanolamine
1198813,1,1,Ethanolamine
1198815,1,1,Ethanolamine
1198816,1,1,Ethanolamine
1198817,1,1,Ethanolamine
1198819,1,1,Ethanolamine
1198820,1,1,Ethanolamine
1198821,1,1,Ethanolamine
1198823,1,1,Ethanolamine
1198824,1,1,Ethanolamine
1198825,1,1,Ethanolamine
1198827,1,1,Ethanolamine
1198828,1,1,Ethanolamine
1198829,1,1,Ethanolamine
1198831,1,1,Ethanolamine
1198832,1,1,Ethanolamine
1198833,1,1,Ethanolamine
1198835,1,1,Ethanolamine
1198836,1,1,Ethanolamine
1198837,1,1,Ethanolamine
1198839,1,1,Ethanolamine
1198840,1,1,Ethanolamine
1198841,1,1,Ethanolamine
1198843,1,1,Ethanolamine
1198844,1,1,Ethanolamine
1198845,1,1,Ethanolamine
1198847,1,1,Ethanolamine
1198848,1,1,Ethanolamine
1198849,1,1,Ethanolamine
1198851,1,1,Ethanolamine
1198852,1,1,Ethanolamine
1198853,1,1,Ethanolamine
1198855,1,1,Ethanolamine
1198856,1,1,Ethanolamine
1198857,1,1,Ethanolamine
1198859,1,1,Ethanolamine
1198860,1,1,Ethanolamine
1198861,1,1,Ethanolamine
1198863,1,1,Ethanolamine
1198864,1,1,Ethanolamine
1198865,1,1,Ethanolamine
1198867,1,1,Ethanolamine
1198868,1,1,Ethanolamine
1198869,1,1,Ethanolamine
1198871,1,1,Ethanolamine
1198872,1,1,Ethanolamine
1198873,1,1,Ethanolamine
1198875,1,1,Ethanolamine
1198876,1,1,Ethanolamine
1198877,1,1,Ethanolamine
1198879,1,1,Ethanolamine
1198880,1,1,Ethanolamine
1198881,1,1,Ethanolamine
1198883,1,1,Ethanolamine
1198884,1,1,Ethanolamine
1198885,1,1,Ethanolamine
1198887,1,1,Ethanolamine
1198888,1,1,Ethanolamine
1198889,1,1,Ethanolamine
1198891,1,1,Ethanolamine
1198892,1,1,Ethanolamine
1198893,1,1,Ethanolamine
1198895,1,1,Ethanolamine
1198896,1,1,Ethanolamine
1198897,1,1,Ethanolamine
1198899,1,1,Ethanolamine
1198900,1,1,Ethanolamine
1198901,1,1,Ethanolamine
1198903,1,1,Ethanolamine
1198904,1,1,Ethanolamine
1198905,1,1,Ethanolamine
1198907,1,1,Ethanolamine
1198908,1,1,Ethanolamine
1198909,1,1,Ethanolamine
1198911,1,1,Ethanolamine
1198912,1,1,Ethanolamine
1198913,1,1,Ethanolamine
1198915,1,1,Ethanolamine
1198916,1,1,Ethanolamine
1198917,1,1,Ethanolamine
1198919,1,1,Ethanolamine
1198920,1,1,Ethanolamine
1198921,1,1,Ethanolamine
1198923,1,1,Ethanolamine
1198924,1,1,Ethanolamine
1198925,1,1,Ethanolamine
1198927,1,1,Ethanolamine
1198928,1,1,Ethanolamine
1198929,1,1,Ethanolamine
1198931,1,1,Ethanolamine
1198932,1,1,Ethanolamine
1198933,1,1,Ethanolamine
1198935,1,1,Ethanolamine
1198936,1,1,Ethanolamine
1198937,1,1,Ethanolamine
1198939,1,1,Ethanolamine
1198940,1,1,Ethanolamine
1198941,1,1,Ethanolamine
1198943,1,1,Ethanolamine
1198944,1,1,Ethanolamine
1198945,1,1,Ethanolamine
1198947,1,1,Ethanolamine
1198948,1,1,Ethanolamine
1198949,1,1,Ethanolamine
1198951,1,1,Ethanolamine
1198952,1,1,Ethanolamine
1198953,1,1,Ethanolamine
1198955,1,1,Ethanolamine
1198956,1,1,Ethanolamine
1198957,1,1,Ethanolamine
1198959,1,1,Ethanolamine
1198960,1,1,Ethanolamine
1198961,1,1,Ethanolamine
1198963,1,1,Ethanolamine
1198964,1,1,Ethanolamine
1198965,1,1,Ethanolamine
1198967,1,1,Ethanolamine
1198968,1,1,Ethanolamine
1198969,1,1,Ethanolamine
1198971,1,1,Ethanolamine
1198972,1,1,Ethanolamine
1198973,1,1,Ethanolamine
1198975,1,1,Ethanolamine
1198976,1,1,Ethanolamine
1198977,1,1,Ethanolamine
1198979,1,1,Ethanolamine
1198980,1,1,Ethanolamine
1198981,1,1,Ethanolamine
1198983,1,1,Ethanolamine
1198984,1,1,Ethanolamine
1198985,1,1,Ethanolamine
1198987,1,1,Ethanolamine
1198988,1,1,Ethanolamine
1198989,1,1,Ethanolamine
1198991,1,1,Ethanolamine
1198992,1,1,Ethanolamine
1198993,1,1,Ethanolamine
1198995,1,1,Ethanolamine
1198996,1,1,Ethanolamine
1198997,1,1,Ethanolamine
1198999,1,1,Ethanolamine
1199000,1,1,Ethanolamine
1199001,1,1,Ethanolamine
1199003,1,1,Ethanolamine
1199004,1,1,Ethanolamine
1199005,1,1,Ethanolamine
1199007,1,1,Ethanolamine
1199008,1,1,Ethanolamine
1199009,1,1,Ethanolamine
1199011,1,1,Ethanolamine
1199012,1,1,Ethanolamine
1199013,1,1,Ethanolamine
1199015,1,1,Ethanolamine
1199016,1,1,Ethanolamine
1199017,1,1,Ethanolamine
1199019,1,1,Ethanolamine
1199020,1,1,Ethanolamine
1199021,1,1,Ethanolamine
1199023,1,1,Ethanolamine
1199024,1,1,Ethanolamine
1199025,1,1,Ethanolamine
1199027,1,1,Ethanolamine
1199028,1,1,Ethanolamine
1199029,1,1,Ethanolamine
1199031,1,1,Ethanolamine
1199032,1,1,Ethanolamine
1199033,1,1,Ethanolamine
1199035,1,1,Ethanolamine
1199036,1,1,Ethanolamine
1199037,1,1,Ethanolamine
1199039,1,1,Ethanolamine
1199040,1,1,Ethanolamine
1199041,1,1,Ethanolamine
1199043,1,1,Ethanolamine
1199044,1,1,Ethanolamine
1199045,1,1,Ethanolamine
1199047,1,1,Ethanolamine
1199048,1,1,Ethanolamine
1199049,1,1,Ethanolamine
1199051,1,1,Ethanolamine
1199052,1,1,Ethanolamine
1199053,1,1,Ethanolamine
1199055,1,1,Ethanolamine
1199056,1,1,Ethanolamine
1199057,1,1,Ethanolamine
1199059,1,1,Ethanolamine
1199060,1,1,Ethanolamine
1199061,1,1,Ethanolamine
1199063,1,1,Ethanolamine
1199064,1,1,Ethanolamine
1199065,1,1,Ethanolamine
1199067,1,1,Ethanolamine
1199068,1,1,Ethanolamine
1199069,1,1,Ethanolamine
1199071,1,1,Ethanolamine
1199072,1,1,Ethanolamine
1199073,1,1,Ethanolamine
1199075,1,1,Ethanolamine
1199076,1,1,Ethanolamine
1199077,1,1,Ethanolamine
1199079,1,1,Ethanolamine
1199080,1,1,Ethanolamine
1199081,1,1,Ethanolamine
1199083,1,1,Ethanolamine
1199084,1,1,Ethanolamine
1199085,1,1,Ethanolamine
1199087,1,1,Ethanolamine
1199088,1,1,Ethanolamine
1199089,1,1,Ethanolamine
1199091,1,1,Ethanolamine
1199092,1,1,Ethanolamine
1199093,1,1,Ethanolamine
1199095,1,1,Ethanolamine
1199096,1,1,Ethanolamine
1199097,1,1,Ethanolamine
1199099,1,1,Ethanolamine
1199100,1,1,Ethanolamine
1199101,1,1,Ethanolamine
1199103,1,1,Ethanolamine
1199104,1,1,Ethanolamine
1199105,1,1,Ethanolamine
1199107,1,1,Ethanolamine
1199108,1,1,Ethanolamine
1199109,1,1,Ethanolamine
1199111,1,1,Ethanolamine
1199112,1,1,Ethanolamine
1199113,1,1,Ethanolamine
1199115,1,1,Ethanolamine
1199116,1,1,Ethanolamine
1199117,1,1,Ethanolamine
1199119,1,1,Ethanolamine
1199120,1,1,Ethanolamine
1199121,1,1,Ethanolamine
1199123,1,1,Ethanolamine
1199124,1,1,Ethanolamine
1199125,1,1,Ethanolamine
1199127,1,1,Ethanolamine
1199128,1,1,Ethanolamine
1199129,1,1,Ethanolamine
1199131,1,1,Ethanolamine
1199132,1,1,Ethanolamine
1199133,1,1,Ethanolamine
1199135,1,1,Ethanolamine
1199136,1,1,Ethanolamine
1199137,1,1,Ethanolamine
1199139,1,1,Ethanolamine
1199140,1,1,Ethanolamine
1199141,1,1,Ethanolamine
1199143,1,1,Ethanolamine
1199144,1,1,Ethanolamine
1199145,1,1,Ethanolamine
1199147,1,1,Ethanolamine
1199148,1,1,Ethanolamine
1199149,1,1,Ethanolamine
1199151,1,1,Ethanolamine
1199152,1,1,Ethanolamine
1199153,1,1,Ethanolamine
1199155,1,1,Ethanolamine
1199156,1,1,Ethanolamine
1199157,1,1,Ethanolamine
1199159,1,1,Ethanolamine
1199160,1,1,Ethanolamine
1199161,1,1,Ethanolamine
1199163,1,1,Ethanolamine
1199164,1,1,Ethanolamine
1199165,1,1,Ethanolamine
1199167,1,1,Ethanolamine
1199168,1,1,Ethanolamine
1199169,1,1,Ethanolamine
1199171,1,1,Ethanolamine
1199172,1,1,Ethanolamine
1199173,1,1,Ethanolamine
1199175,1,1,Ethanolamine
1199176,1,1,Ethanolamine
1199177,1,1,Ethanolamine
1199179,1,1,Ethanolamine
1199180,1,1,Ethanolamine
1199181,1,1,Ethanolamine
1199183,1,1,Ethanolamine
1199184,1,1,Ethanolamine
1199185,1,1,Ethanolamine
1199187,1,1,Ethanolamine
1199188,1,1,Ethanolamine
1199189,1,1,Ethanolamine
1199191,1,1,Ethanolamine
1199192,1,1,Ethanolamine
1199193,1,1,Ethanolamine
1199195,1,1,Ethanolamine
1199196,1,1,Ethanolamine
1199197,1,1,Ethanolamine
1199199,1,1,Ethanolamine
1199200,1,1,Ethanolamine
1199201,1,1,Ethanolamine
1199203,1,1,Ethanolamine
1199204,1,1,Ethanolamine
1199205,1,1,Ethanolamine
1199207,1,1,Ethanolamine
1199208,1,1,Ethanolamine
1199209,1,1,Ethanolamine
1199211,1,1,Ethanolamine
1199212,1,1,Ethanolamine
1199213,1,1,Ethanolamine
1199215,1,1,Ethanolamine
1199216,1,1,Ethanolamine
1199217,1,1,Ethanolamine
1199219,1,1,Ethanolamine
1199220,1,1,Ethanolamine
1199221,1,1,Ethanolamine
1199223,1,1,Ethanolamine
1199224,1,1,Ethanolamine
1199225,1,1,Ethanolamine
1199227,1,1,Ethanolamine
1199228,1,1,Ethanolamine
1199229,1,1,Ethanolamine
1199231,1,1,Ethanolamine
1199232,1,1,Ethanolamine
1199233,1,1,Ethanolamine
1199235,1,1,Ethanolamine
1199236,1,1,Ethanolamine
1199237,1,1,Ethanolamine
1199239,1,1,Ethanolamine
1199240,1,1,Ethanolamine
1199241,1,1,Ethanolamine
1199243,1,1,Ethanolamine
1199244,1,1,Ethanolamine
1199245,1,1,Ethanolamine
1199247,1,1,Ethanolamine
1199248,1,1,Ethanolamine
1199249,1,1,Ethanolamine
1199251,1,1,Ethanolamine
1199252,1,1,Ethanolamine
1199253,1,1,Ethanolamine
1199255,1,1,Ethanolamine
1199256,1,1,Ethanolamine
1199257,1,1,Ethanolamine
1199259,1,1,Ethanolamine
1199260,1,1,Ethanolamine
1199261,1,1,Ethanolamine
1199263,1,1,Ethanolamine
1199264,1,1,Ethanolamine
1199265,1,1,Ethanolamine
1199267,1,1,Ethanolamine
1199268,1,1,Ethanolamine
1199269,1,1,Ethanolamine
1199271,1,1,Ethanolamine
1199272,1,1,Ethanolamine
1199273,1,1,Ethanolamine
1199275,1,1,Ethanolamine
1199276,1,1,Ethanolamine
1199277,1,1,Ethanolamine
1199279,1,1,Ethanolamine
1199280,1,1,Ethanolamine
1199281,1,1,Ethanolamine
1199283,1,1,Ethanolamine
1199284,1,1,Ethanolamine
1199285,1,1,Ethanolamine
1199287,1,1,Ethanolamine
1199288,1,1,Ethanolamine
1199289,1,1,Ethanolamine
1199291,1,1,Ethanolamine
1199292,1,1,Ethanolamine
1199293,1,1,Ethanolamine
1199295,1,1,Ethanolamine
1199296,1,1,Ethanolamine
1199297,1,1,Ethanolamine
1199299,1,1,Ethanolamine
1199300,1,1,Ethanolamine
1199301,1,1,Ethanolamine
1199303,1,1,Ethanolamine
1199304,1,1,Ethanolamine
1199305,1,1,Ethanolamine
1199307,1,1,Ethanolamine
1199308,1,1,Ethanolamine
1199309,1,1,Ethanolamine
1199311,1,1,Ethanolamine
1199312,1,1,Ethanolamine
1199313,1,1,Ethanolamine
1199315,1,1,Ethanolamine
1199316,1,1,Ethanolamine
1199317,1,1,Ethanolamine
1199319,1,1,Ethanolamine
1199320,1,1,Ethanolamine
1199321,1,1,Ethanolamine
1199323,1,1,Ethanolamine
1199324,1,1,Ethanolamine
1199325,1,1,Ethanolamine
1199327,1,1,Ethanolamine
1199328,1,1,Ethanolamine
1199329,1,1,Ethanolamine
1199331,1,1,Ethanolamine
1199332,1,1,Ethanolamine
1199333,1,1,Ethanolamine
1199335,1,1,Ethanolamine
1199336,1,1,Ethanolamine
1199337,1,1,Ethanolamine
1199339,1,1,Ethanolamine
1199340,1,1,Ethanolamine
1199341,1,1,Ethanolamine
1199343,1,1,Ethanolamine
1199344,1,1,Ethanolamine
1199345,1,1,Ethanolamine
1199347,1,1,Ethanolamine
1199348,1,1,Ethanolamine
1199349,1,1,Ethanolamine
1199351,1,1,Ethanolamine
1199352,1,1,Ethanolamine
1199353,1,1,Ethanolamine
1199355,1,1,Ethanolamine
1199356,1,1,Ethanolamine
1199357,1,1,Ethanolamine
1199359,1,1,Ethanolamine
1199360,1,1,Ethanolamine
1199361,1,1,Ethanolamine
1199363,1,1,Ethanolamine
1199364,1,1,Ethanolamine
1199365,1,1,Ethanolamine
1199367,1,1,Ethanolamine
1199368,1,1,Ethanolamine
1199369,1,1,Ethanolamine
1199371,1,1,Ethanolamine
1199372,1,1,Ethanolamine
1199373,1,1,Ethanolamine
1199375,1,1,Ethanolamine
1199376,1,1,Ethanolamine
1199377,1,1,Ethanolamine
1199379,1,1,Ethanolamine
1199380,1,1,Ethanolamine
1199381,1,1,Ethanolamine
1199383,1,1,Ethanolamine
1199384,1,1,Ethanolamine
1199385,1,1,Ethanolamine
1199387,1,1,Ethanolamine
1199388,1,1,Ethanolamine
1199389,1,1,Ethanolamine
1199391,1,1,Ethanolamine
1199392,1,1,Ethanolamine
1199393,1,1,Ethanolamine
1199395,1,1,Ethanolamine
1199396,1,1,Ethanolamine
1199397,1,1,Ethanolamine
1199399,1,1,Ethanolamine
1199400,1,1,Ethanolamine
1199401,1,1,Ethanolamine
1199403,1,1,Ethanolamine
1199404,1,1,Ethanolamine
1199405,1,1,Ethanolamine
1199407,1,1,Ethanolamine
1199408,1,1,Ethanolamine
1199409,1,1,Ethanolamine
1199411,1,1,Ethanolamine
1199412,1,1,Ethanolamine
1199413,1,1,Ethanolamine
1199415,1,1,Ethanolamine
1199416,1,1,Ethanolamine
1199417,1,1,Ethanolamine
1199419,1,1,Ethanolamine
1199420,1,1,Ethanolamine
1199421,1,1,Ethanolamine
1199423,1,1,Ethanolamine
1199424,1,1,Ethanolamine
1199425,1,1,Ethanolamine
1199427,1,1,Ethanolamine
1199428,1,1,Ethanolamine
1199429,1,1,Ethanolamine
1199431,1,1,Ethanolamine
1199432,1,1,Ethanolamine
1199433,1,1,Ethanolamine
1199435,1,1,Ethanolamine
1199436,1,1,Ethanolamine
1199437,1,1,Ethanolamine
1199439,1,1,Ethanolamine
1199440,1,1,Ethanolamine
1199441,1,1,Ethanolamine
1199443,1,1,Ethanolamine
1199444,1,1,Ethanolamine
1199445,1,1,Ethanolamine
1199447,1,1,Ethanolamine
1199448,1,1,Ethanolamine
1199449,1,1,Ethanolamine
1199451,1,1,Ethanolamine
1199452,1,1,Ethanolamine
1199453,1,1,Ethanolamine
1199455,1,1,Ethanolamine
1199456,1,1,Ethanolamine
1199457,1,1,Ethanolamine
1199459,1,1,Ethanolamine
1199460,1,1,Ethanolamine
1199461,1,1,Ethanolamine
1199463,1,1,Ethanolamine
1199464,1,1,Ethanolamine
1199465,1,1,Ethanolamine
1199467,1,1,Ethanolamine
1199468,1,1,Ethanolamine
1199469,1,1,Ethanolamine
1199471,1,1,Ethanolamine
1199472,1,1,Ethanolamine
1199473,1,1,Ethanolamine
1199475,1,1,Ethanolamine
1199476,1,1,Ethanolamine
1199477,1,1,Ethanolamine
1199479,1,1,Ethanolamine
1199480,1,1,Ethanolamine
1199481,1,1,Ethanolamine
1199483,1,1,Ethanolamine
1199484,1,1,Ethanolamine
1199485,1,1,Ethanolamine
1199487,1,1,Ethanolamine
1199488,1,1,Ethanolamine
1199489,1,1,Ethanolamine
1199491,1,1,Ethanolamine
1199492,1,1,Ethanolamine
1199493,1,1,Ethanolamine
1199495,1,1,Ethanolamine
1199496,1,1,Ethanolamine
1199497,1,1,Ethanolamine
1199499,1,1,Ethanolamine
1199500,1,1,Ethanolamine
1199501,1,1,Ethanolamine
1199503,1,1,Ethanolamine
1199504,1,1,Ethanolamine
1199505,1,1,Ethanolamine
1199507,1,1,Ethanolamine
1199508,1,1,Ethanolamine
1199509,1,1,Ethanolamine
1199511,1,1,Ethanolamine
1199512,1,1,Ethanolamine
1199513,1,1,Ethanolamine
1199515,1,1,Ethanolamine
1199516,1,1,Ethanolamine
1199517,1,1,Ethanolamine
1199519,1,1,Ethanolamine
1199520,1,1,Ethanolamine
1199521,1,1,Ethanolamine
1199523,1,1,Ethanolamine
1199524,1,1,Ethanolamine
1199525,1,1,Ethanolamine
1199527,1,1,Ethanolamine
1213342,1,1,Ethanolamine
1213844,1,1,Ethanolamine
1213845,1,1,Ethanolamine
1213848,1,1,Ethanolamine
1213849,1,1,Ethanolamine
1213850,1,1,Ethanolamine
1213851,1,1,Ethanolamine
1213852,1,1,Ethanolamine
1213853,1,1,Ethanolamine
1213854,1,1,Ethanolamine
1213855,1,1,Ethanolamine
1213856,1,1,Ethanolamine
1213857,1,1,Ethanolamine
1213858,1,1,Ethanolamine
1213859,1,1,Ethanolamine
1213860,1,1,Ethanolamine
1213861,1,1,Ethanolamine
1213862,1,1,Ethanolamine
1213863,1,1,Ethanolamine
1213864,1,1,Ethanolamine
1213865,1,1,Ethanolamine
1213866,1,1,Ethanolamine
1213867,1,1,Ethanolamine
1213868,1,1,Ethanolamine
1213869,1,1,Ethanolamine
1213870,1,1,Ethanolamine
1213871,1,1,Ethanolamine
1213872,1,1,Ethanolamine
1213873,1,1,Ethanolamine
1213874,1,1,Ethanolamine
1213875,1,1,Ethanolamine
1213876,1,1,Ethanolamine
1213877,1,1,Ethanolamine
1213878,1,1,Ethanolamine
1213879,1,1,Ethanolamine
1213880,1,1,Ethanolamine
1213881,1,1,Ethanolamine
1213882,1,1,Ethanolamine
1213883,1,1,Ethanolamine
1213884,1,1,Ethanolamine
1213885,1,1,Ethanolamine
1213886,1,1,Ethanolamine
1213887,1,1,Ethanolamine
1213888,1,1,Ethanolamine
1213889,1,1,Ethanolamine
1213890,1,1,Ethanolamine
1213891,1,1,Ethanolamine
1213892,1,1,Ethanolamine
1213893,1,1,Ethanolamine
1213894,1,1,Ethanolamine
1213895,1,1,Ethanolamine
1213896,1,1,Ethanolamine
1213897,1,1,Ethanolamine
1213898,1,1,Ethanolamine
1213899,1,1,Ethanolamine
1213900,1,1,Ethanolamine
1213901,1,1,Ethanolamine
1213902,1,1,Ethanolamine
1213903,1,1,Ethanolamine
1213904,1,1,Ethanolamine
1213905,1,1,Ethanolamine
1213906,1,1,Ethanolamine
1213907,1,1,Ethanolamine
1213908,1,1,Ethanolamine
1213909,1,1,Ethanolamine
1213910,1,1,Ethanolamine
1213911,1,1,Ethanolamine
1213912,1,1,Ethanolamine
1213913,1,1,Ethanolamine
1213914,1,1,Ethanolamine
1213915,1,1,Ethanolamine
1213916,1,1,Ethanolamine
1213917,1,1,Ethanolamine
1213918,1,1,Ethanolamine
1213919,1,1,Ethanolamine
1213920,1,1,Ethanolamine
1213921,1,1,Ethanolamine
1213922,1,1,Ethanolamine
1213923,1,1,Ethanolamine
1213924,1,1,Ethanolamine
1213925,1,1,Ethanolamine
1213926,1,1,Ethanolamine
1213927,1,1,Ethanolamine
1213928,1,1,Ethanolamine
1213929,1,1,Ethanolamine
1213930,1,1,Ethanolamine
1213931,1,1,Ethanolamine
1213932,1,1,Ethanolamine
1213933,1,1,Ethanolamine
1213934,1,1,Ethanolamine
1213935,1,1,Ethanolamine
1213936,1,1,Ethanolamine
1213937,1,1,Ethanolamine
1213938,1,1,Ethanolamine
1213939,1,1,Ethanolamine
1213940,1,1,Ethanolamine
1213941,1,1,Ethanolamine
1213942,1,1,Ethanolamine
1213943,1,1,Ethanolamine
1213944,1,1,Ethanolamine
1213945,1,1,Ethanolamine
1213946,1,1,Ethanolamine
1213947,1,1,Ethanolamine
1213948,1,1,Ethanolamine
1213949,1,1,Ethanolamine
1213950,1,1,Ethanolamine
1213951,1,1,Ethanolamine
1213952,1,1,Ethanolamine
1213953,1,1,Ethanolamine
1213954,1,1,Ethanolamine
1213955,1,1,Ethanolamine
1213956,1,1,Ethanolamine
1213957,1,1,Ethanolamine
1213958,1,1,Ethanolamine
1213959,1,1,Ethanolamine
1213960,1,1,Ethanolamine
1213961,1,1,Ethanolamine
1213962,1,1,Ethanolamine
1213963,1,1,Ethanolamine
1213964,1,1,Ethanolamine
1213965,1,1,Ethanolamine
1213966,1,1,Ethanolamine
1213967,1,1,Ethanolamine
1213968,1,1,Ethanolamine
1213969,1,1,Ethanolamine
1213970,1,1,Ethanolamine
1213971,1,1,Ethanolamine
1213972,1,1,Ethanolamine
1213973,1,1,Ethanolamine
1213974,1,1,Ethanolamine
1213975,1,1,Ethanolamine
1213976,1,1,Ethanolamine
1213977,1,1,Ethanolamine
1213978,1,1,Ethanolamine
1213979,1,1,Ethanolamine
1213980,1,1,Ethanolamine
1213981,1,1,Ethanolamine
1213982,1,1,Ethanolamine
1213983,1,1,Ethanolamine
1213984,1,1,Ethanolamine
1213985,1,1,Ethanolamine
1213986,1,1,Ethanolamine
1213987,1,1,Ethanolamine
1213988,1,1,Ethanolamine
1213989,1,1,Ethanolamine
1213990,1,1,Ethanolamine
1213991,1,1,Ethanolamine
1213992,1,1,Ethanolamine
1213993,1,1,Ethanolamine
1213994,1,1,Ethanolamine
1213995,1,1,Ethanolamine
1213996,1,1,Ethanolamine
1213997,1,1,Ethanolamine
1213998,1,1,Ethanolamine
1213999,1,1,Ethanolamine
1214000,1,1,Ethanolamine
1214001,1,1,Ethanolamine
1214002,1,1,Ethanolamine
1214003,1,1,Ethanolamine
1214004,1,1,Ethanolamine
1214005,1,1,Ethanolamine
1214006,1,1,Ethanolamine
1214007,1,1,Ethanolamine
1214008,1,1,Ethanolamine
1214009,1,1,Ethanolamine
1245880,1,1,Ethanolamine
1245901,1,1,Ethanolamine
1245910,1,1,Ethanolamine
1245918,1,1,Ethanolamine
1245925,1,1,Ethanolamine
1245936,1,1,Ethanolamine
1245940,1,1,Ethanolamine
1245944,1,1,Ethanolamine
1245945,1,1,Ethanolamine
1281818,1,1,caffeine
1282315,1,1,caffeine
1282370,1,1,caffeine
1282509,1,1,Ginsenoside rb1
1282562,1,1,caffeine
1295567,1,1,Ethanolamine
1299322,1,1,Ethanolamine
1299333,1,1,Ethanolamine
1299343,1,1,Ethanolamine
1299352,1,1,Ethanolamine
1299360,1,1,Ethanolamine
1299367,1,1,Ethanolamine
1299373,1,1,Ethanolamine
1299378,1,1,Ethanolamine
1299382,1,1,Ethanolamine
1299385,1,1,Ethanolamine
1299386,1,1,Ethanolamine
1299387,1,1,Ethanolamine
1327577,1,1,Ethanolamine
1327579,1,1,Ethanolamine
1327580,1,1,Ethanolamine
1327581,1,1,Ethanolamine
1327583,1,1,Ethanolamine
1327584,1,1,Ethanolamine
1327585,1,1,Ethanolamine
1327587,1,1,Ethanolamine
1327588,1,1,Ethanolamine
1327589,1,1,Ethanolamine
1327591,1,1,Ethanolamine
1327592,1,1,Ethanolamine
1327593,1,1,Ethanolamine
1327595,1,1,Ethanolamine
1327596,1,1,Ethanolamine
1327597,1,1,Ethanolamine
1327599,1,1,Ethanolamine
1327600,1,1,Ethanolamine
1327601,1,1,Ethanolamine
1327603,1,1,Ethanolamine
1327604,1,1,Ethanolamine
1327605,1,1,Ethanolamine
1327607,1,1,Ethanolamine
1327608,1,1,Ethanolamine
1327609,1,1,Ethanolamine
1327611,1,1,Ethanolamine
1327612,1,1,Ethanolamine
1327613,1,1,Ethanolamine
1327615,1,1,Ethanolamine
1327616,1,1,Ethanolamine
1327617,1,1,Ethanolamine
1327619,1,1,Ethanolamine
1327620,1,1,Ethanolamine
1327621,1,1,Ethanolamine
1327623,1,1,Ethanolamine
1327624,1,1,Ethanolamine
1327625,1,1,Ethanolamine
1327627,1,1,Ethanolamine
1327628,1,1,Ethanolamine
1327629,1,1,Ethanolamine
1327631,1,1,Ethanolamine
1327632,1,1,Ethanolamine
1327633,1,1,Ethanolamine
1327635,1,1,Ethanolamine
1327636,1,1,Ethanolamine
1327637,1,1,Ethanolamine
1327639,1,1,Ethanolamine
1327640,1,1,Ethanolamine
1327641,1,1,Ethanolamine
1327643,1,1,Ethanolamine
1327644,1,1,Ethanolamine
1327645,1,1,Ethanolamine
1327647,1,1,Ethanolamine
1327648,1,1,Ethanolamine
1327649,1,1,Ethanolamine
1327651,1,1,Ethanolamine
1327652,1,1,Ethanolamine
1327653,1,1,Ethanolamine
1327655,1,1,Ethanolamine
1327656,1,1,Ethanolamine
1327657,1,1,Ethanolamine
1327659,1,1,Ethanolamine
1327660,1,1,Ethanolamine
1327661,1,1,Ethanolamine
1327663,1,1,Ethanolamine
1327664,1,1,Ethanolamine
1327665,1,1,Ethanolamine
1327667,1,1,Ethanolamine
1327668,1,1,Ethanolamine
1327669,1,1,Ethanolamine
1327671,1,1,Ethanolamine
1327672,1,1,Ethanolamine
1327673,1,1,Ethanolamine
1327675,1,1,Ethanolamine
1327676,1,1,Ethanolamine
1327677,1,1,Ethanolamine
1327679,1,1,Ethanolamine
1327680,1,1,Ethanolamine
1327681,1,1,Ethanolamine
1327683,1,1,Ethanolamine
1327684,1,1,Ethanolamine
1327685,1,1,Ethanolamine
1327687,1,1,Ethanolamine
1327688,1,1,Ethanolamine
1327689,1,1,Ethanolamine
1327691,1,1,Ethanolamine
1327692,1,1,Ethanolamine
1327693,1,1,Ethanolamine
1327695,1,1,Ethanolamine
1327696,1,1,Ethanolamine
1327697,1,1,Ethanolamine
1327699,1,1,Ethanolamine
1327700,1,1,Ethanolamine
1327701,1,1,Ethanolamine
1327703,1,1,Ethanolamine
1327704,1,1,Ethanolamine
1327705,1,1,Ethanolamine
1327707,1,1,Ethanolamine
1327708,1,1,Ethanolamine
1327709,1,1,Ethanolamine
1327711,1,1,Ethanolamine
1327712,1,1,Ethanolamine
1327713,1,1,Ethanolamine
1327715,1,1,Ethanolamine
1327716,1,1,Ethanolamine
1327717,1,1,Ethanolamine
1327719,1,1,Ethanolamine
1327720,1,1,Ethanolamine
1327721,1,1,Ethanolamine
1327723,1,1,Ethanolamine
1327724,1,1,Ethanolamine
1327725,1,1,Ethanolamine
1327727,1,1,Ethanolamine
1327728,1,1,Ethanolamine
1327729,1,1,Ethanolamine
1327733,1,1,Ethanolamine
1327741,1,1,Ethanolamine
1327743,1,1,Ethanolamine
1327744,1,1,Ethanolamine
1327745,1,1,Ethanolamine
1327747,1,1,Ethanolamine
1327748,1,1,Ethanolamine
1327749,1,1,Ethanolamine
1327751,1,1,Ethanolamine
1327752,1,1,Ethanolamine
1327753,1,1,Ethanolamine
1327755,1,1,Ethanolamine
1327756,1,1,Ethanolamine
1327757,1,1,Ethanolamine
1327759,1,1,Ethanolamine
1327760,1,1,Ethanolamine
1327761,1,1,Ethanolamine
1327763,1,1,Ethanolamine
1327764,1,1,Ethanolamine
1327771,1,1,Ethanolamine
1327773,1,1,Ethanolamine
1327779,1,1,Ethanolamine
1327781,1,1,Ethanolamine
1327788,1,1,Ethanolamine
1327792,1,1,Ethanolamine
1327797,1,1,Ethanolamine
1327799,1,1,Ethanolamine
1327801,1,1,Ethanolamine
1327803,1,1,Ethanolamine
1327804,1,1,Ethanolamine
1327805,1,1,Ethanolamine
1327808,1,1,Ethanolamine
1327809,1,1,Ethanolamine
1339236,1,1,Ethanolamine
1339237,1,1,Ethanolamine
1339240,1,1,Ethanolamine
1339241,1,1,Ethanolamine
1339243,1,1,Ethanolamine
1339245,1,1,Ethanolamine
1339247,1,1,Ethanolamine
1339248,1,1,Ethanolamine
1339249,1,1,Ethanolamine
1339251,1,1,Ethanolamine
1339252,1,1,Ethanolamine
1339253,1,1,Ethanolamine
1339255,1,1,Ethanolamine
1339256,1,1,Ethanolamine
1339257,1,1,Ethanolamine
1339259,1,1,Ethanolamine
1339260,1,1,Ethanolamine
1339261,1,1,Ethanolamine
1339263,1,1,Ethanolamine
1339264,1,1,Ethanolamine
1339265,1,1,Ethanolamine
1339267,1,1,Ethanolamine
1339268,1,1,Ethanolamine
1339269,1,1,Ethanolamine
1339271,1,1,Ethanolamine
1339272,1,1,Ethanolamine
1339273,1,1,Ethanolamine
1339275,1,1,Ethanolamine
1339276,1,1,Ethanolamine
1339277,1,1,Ethanolamine
1339279,1,1,Ethanolamine
1339280,1,1,Ethanolamine
1339281,1,1,Ethanolamine
1339283,1,1,Ethanolamine
1339284,1,1,Ethanolamine
1339285,1,1,Ethanolamine
1339287,1,1,Ethanolamine
1339288,1,1,Ethanolamine
1339289,1,1,Ethanolamine
1339291,1,1,Ethanolamine
1339292,1,1,Ethanolamine
1339293,1,1,Ethanolamine
1339295,1,1,Ethanolamine
1339296,1,1,Ethanolamine
1339297,1,1,Ethanolamine
1339299,1,1,Ethanolamine
1339300,1,1,Ethanolamine
1339301,1,1,Ethanolamine
1339303,1,1,Ethanolamine
1339304,1,1,Ethanolamine
1339305,1,1,Ethanolamine
1339307,1,1,Ethanolamine
1339308,1,1,Ethanolamine
1339309,1,1,Ethanolamine
1339311,1,1,Ethanolamine
1339312,1,1,Ethanolamine
1339313,1,1,Ethanolamine
1339315,1,1,Ethanolamine
1339316,1,1,Ethanolamine
1339317,1,1,Ethanolamine
1339319,1,1,Ethanolamine
1339320,1,1,Ethanolamine
1339321,1,1,Ethanolamine
1339323,1,1,Ethanolamine
1339324,1,1,Ethanolamine
1339325,1,1,Ethanolamine
1339327,1,1,Ethanolamine
1339328,1,1,Ethanolamine
1339329,1,1,Ethanolamine
1339331,1,1,Ethanolamine
1339332,1,1,Ethanolamine
1339333,1,1,Ethanolamine
1339335,1,1,Ethanolamine
1339336,1,1,Ethanolamine
1339337,1,1,Ethanolamine
1339339,1,1,Ethanolamine
1339340,1,1,Ethanolamine
1339341,1,1,Ethanolamine
1339343,1,1,Ethanolamine
1339344,1,1,Ethanolamine
1339345,1,1,Ethanolamine
1339347,1,1,Ethanolamine
1339348,1,1,Ethanolamine
1339349,1,1,Ethanolamine
1339351,1,1,Ethanolamine
1339352,1,1,Ethanolamine
1339353,1,1,Ethanolamine
1339355,1,1,Ethanolamine
1339356,1,1,Ethanolamine
1339357,1,1,Ethanolamine
1339359,1,1,Ethanolamine
1339360,1,1,Ethanolamine
1339361,1,1,Ethanolamine
1339363,1,1,Ethanolamine
1339364,1,1,Ethanolamine
1339365,1,1,Ethanolamine
1339367,1,1,Ethanolamine
1339368,1,1,Ethanolamine
1339369,1,1,Ethanolamine
1339371,1,1,Ethanolamine
1339372,1,1,Ethanolamine
1339373,1,1,Ethanolamine
1339375,1,1,Ethanolamine
1339376,1,1,Ethanolamine
1339377,1,1,Ethanolamine
1339379,1,1,Ethanolamine
1339380,1,1,Ethanolamine
1339381,1,1,Ethanolamine
1339383,1,1,Ethanolamine
1339384,1,1,Ethanolamine
1339385,1,1,Ethanolamine
1339387,1,1,Ethanolamine
1339388,1,1,Ethanolamine
1339389,1,1,Ethanolamine
1339391,1,1,Ethanolamine
1339392,1,1,Ethanolamine
1339393,1,1,Ethanolamine
1339395,1,1,Ethanolamine
1339396,1,1,Ethanolamine
1339397,1,1,Ethanolamine
1339399,1,1,Ethanolamine
1339400,1,1,Ethanolamine
1339401,1,1,Ethanolamine
1339403,1,1,Ethanolamine
1339404,1,1,Ethanolamine
1339405,1,1,Ethanolamine
1339407,1,1,Ethanolamine
1339408,1,1,Ethanolamine
1339409,1,1,Ethanolamine
1339411,1,1,Ethanolamine
1339412,1,1,Ethanolamine
1339413,1,1,Ethanolamine
1339415,1,1,Ethanolamine
1339416,1,1,Ethanolamine
1339417,1,1,Ethanolamine
1339419,1,1,Ethanolamine
1339420,1,1,Ethanolamine
1339421,1,1,Ethanolamine
1339423,1,1,Ethanolamine
1339424,1,1,Ethanolamine
1339425,1,1,Ethanolamine
1339427,1,1,Ethanolamine
1339428,1,1,Ethanolamine
1339429,1,1,Ethanolamine
1339431,1,1,Ethanolamine
1339432,1,1,Ethanolamine
1339433,1,1,Ethanolamine
1339435,1,1,Ethanolamine
1339436,1,1,Ethanolamine
1339437,1,1,Ethanolamine
1339439,1,1,Ethanolamine
1339440,1,1,Ethanolamine
1339441,1,1,Ethanolamine
1339443,1,1,Ethanolamine
1339444,1,1,Ethanolamine
1339445,1,1,Ethanolamine
1339447,1,1,Ethanolamine
1339448,1,1,Ethanolamine
1339449,1,1,Ethanolamine
1339451,1,1,Ethanolamine
1339452,1,1,Ethanolamine
1339453,1,1,Ethanolamine
1339455,1,1,Ethanolamine
1339456,1,1,Ethanolamine
1339457,1,1,Ethanolamine
1339459,1,1,Ethanolamine
1339460,1,1,Ethanolamine
1339461,1,1,Ethanolamine
1339463,1,1,Ethanolamine
1339464,1,1,Ethanolamine
1339465,1,1,Ethanolamine
1339467,1,1,Ethanolamine
1339468,1,1,Ethanolamine
1339469,1,1,Ethanolamine
1339471,1,1,Ethanolamine
1339472,1,1,Ethanolamine
1339473,1,1,Ethanolamine
1339475,1,1,Ethanolamine
1339476,1,1,Ethanolamine
1339477,1,1,Ethanolamine
1339479,1,1,Ethanolamine
1339480,1,1,Ethanolamine
1339481,1,1,Ethanolamine
1339483,1,1,Ethanolamine
1339484,1,1,Ethanolamine
1339485,1,1,Ethanolamine
1339487,1,1,Ethanolamine
1339488,1,1,Ethanolamine
1339489,1,1,Ethanolamine
1339491,1,1,Ethanolamine
1339492,1,1,Ethanolamine
1339493,1,1,Ethanolamine
1339495,1,1,Ethanolamine
1339496,1,1,Ethanolamine
1339497,1,1,Ethanolamine
1339499,1,1,Ethanolamine
1339500,1,1,Ethanolamine
1339501,1,1,Ethanolamine
1339503,1,1,Ethanolamine
1339504,1,1,Ethanolamine
1339505,1,1,Ethanolamine
1339507,1,1,Ethanolamine
1339508,1,1,Ethanolamine
1339509,1,1,Ethanolamine
1339511,1,1,Ethanolamine
1339512,1,1,Ethanolamine
1339513,1,1,Ethanolamine
1339515,1,1,Ethanolamine
1339516,1,1,Ethanolamine
1339517,1,1,Ethanolamine
1339519,1,1,Ethanolamine
1339520,1,1,Ethanolamine
1339521,1,1,Ethanolamine
1339523,1,1,Ethanolamine
1339524,1,1,Ethanolamine
1339525,1,1,Ethanolamine
1339527,1,1,Ethanolamine
1339528,1,1,Ethanolamine
1339529,1,1,Ethanolamine
1339531,1,1,Ethanolamine
1339532,1,1,Ethanolamine
1339533,1,1,Ethanolamine
1339535,1,1,Ethanolamine
1339536,1,1,Ethanolamine
1339537,1,1,Ethanolamine
1339539,1,1,Ethanolamine
1339540,1,1,Ethanolamine
1339541,1,1,Ethanolamine
1339543,1,1,Ethanolamine
1339544,1,1,Ethanolamine
1339545,1,1,Ethanolamine
1339547,1,1,Ethanolamine
1339548,1,1,Ethanolamine
1339549,1,1,Ethanolamine
1339551,1,1,Ethanolamine
1339552,1,1,Ethanolamine
1339553,1,1,Ethanolamine
1339555,1,1,Ethanolamine
1339556,1,1,Ethanolamine
1339557,1,1,Ethanolamine
1339559,1,1,Ethanolamine
1339560,1,1,Ethanolamine
1339561,1,1,Ethanolamine
1339563,1,1,Ethanolamine
1339564,1,1,Ethanolamine
1339565,1,1,Ethanolamine
1339567,1,1,Ethanolamine
1339568,1,1,Ethanolamine
1339569,1,1,Ethanolamine
1339571,1,1,Ethanolamine
1339572,1,1,Ethanolamine
1339573,1,1,Ethanolamine
1339575,1,1,Ethanolamine
1339576,1,1,Ethanolamine
1339577,1,1,Ethanolamine
1339579,1,1,Ethanolamine
1339580,1,1,Ethanolamine
1339581,1,1,Ethanolamine
1339583,1,1,Ethanolamine
1339584,1,1,Ethanolamine
1339585,1,1,Ethanolamine
1339587,1,1,Ethanolamine
1339588,1,1,Ethanolamine
1339589,1,1,Ethanolamine
1339591,1,1,Ethanolamine
1339592,1,1,Ethanolamine
1339593,1,1,Ethanolamine
1339595,1,1,Ethanolamine
1339596,1,1,Ethanolamine
1339597,1,1,Ethanolamine
1339599,1,1,Ethanolamine
1339600,1,1,Ethanolamine
1339601,1,1,Ethanolamine
1339603,1,1,Ethanolamine
1339604,1,1,Ethanolamine
1339605,1,1,Ethanolamine
1339607,1,1,Ethanolamine
1339608,1,1,Ethanolamine
1339609,1,1,Ethanolamine
1339611,1,1,Ethanolamine
1339612,1,1,Ethanolamine
1339613,1,1,Ethanolamine
1339615,1,1,Ethanolamine
1339616,1,1,Ethanolamine
1339617,1,1,Ethanolamine
1339619,1,1,Ethanolamine
1339620,1,1,Ethanolamine
1339621,1,1,Ethanolamine
1339623,1,1,Ethanolamine
1339624,1,1,Ethanolamine
1339625,1,1,Ethanolamine
1339627,1,1,Ethanolamine
1339628,1,1,Ethanolamine
1339629,1,1,Ethanolamine
1339631,1,1,Ethanolamine
1339632,1,1,Ethanolamine
1339633,1,1,Ethanolamine
1339635,1,1,Ethanolamine
1339636,1,1,Ethanolamine
1339637,1,1,Ethanolamine
1339639,1,1,Ethanolamine
1339640,1,1,Ethanolamine
1339641,1,1,Ethanolamine
1339643,1,1,Ethanolamine
1339644,1,1,Ethanolamine
1339645,1,1,Ethanolamine
1339647,1,1,Ethanolamine
1339648,1,1,Ethanolamine
1339649,1,1,Ethanolamine
1339651,1,1,Ethanolamine
1339652,1,1,Ethanolamine
1339653,1,1,Ethanolamine
1339655,1,1,Ethanolamine
1339656,1,1,Ethanolamine
1339657,1,1,Ethanolamine
1339659,1,1,Ethanolamine
1339660,1,1,Ethanolamine
1339661,1,1,Ethanolamine
1339663,1,1,Ethanolamine
1339664,1,1,Ethanolamine
1339665,1,1,Ethanolamine
1339667,1,1,Ethanolamine
1339668,1,1,Ethanolamine
1339669,1,1,Ethanolamine
1339671,1,1,Ethanolamine
1339672,1,1,Ethanolamine
1339673,1,1,Ethanolamine
1339675,1,1,Ethanolamine
1339676,1,1,Ethanolamine
1339677,1,1,Ethanolamine
1339679,1,1,Ethanolamine
1339680,1,1,Ethanolamine
1339681,1,1,Ethanolamine
1339683,1,1,Ethanolamine
1339684,1,1,Ethanolamine
1339685,1,1,Ethanolamine
1339687,1,1,Ethanolamine
1339688,1,1,Ethanolamine
1339689,1,1,Ethanolamine
1339691,1,1,Ethanolamine
1339692,1,1,Ethanolamine
1339693,1,1,Ethanolamine
1339695,1,1,Ethanolamine
1339696,1,1,Ethanolamine
1339697,1,1,Ethanolamine
1339699,1,1,Ethanolamine
1339700,1,1,Ethanolamine
1339701,1,1,Ethanolamine
1339703,1,1,Ethanolamine
1339704,1,1,Ethanolamine
1339705,1,1,Ethanolamine
1339707,1,1,Ethanolamine
1339708,1,1,Ethanolamine
1339709,1,1,Ethanolamine
1339711,1,1,Ethanolamine
1339712,1,1,Ethanolamine
1339713,1,1,Ethanolamine
1339715,1,1,Ethanolamine
1339716,1,1,Ethanolamine
1339717,1,1,Ethanolamine
1339719,1,1,Ethanolamine
1339720,1,1,Ethanolamine
1339721,1,1,Ethanolamine
1339723,1,1,Ethanolamine
1339724,1,1,Ethanolamine
1339725,1,1,Ethanolamine
1339727,1,1,Ethanolamine
1339728,1,1,Ethanolamine
1339729,1,1,Ethanolamine
1339731,1,1,Ethanolamine
1339732,1,1,Ethanolamine
1339733,1,1,Ethanolamine
1339735,1,1,Ethanolamine
1339736,1,1,Ethanolamine
1339737,1,1,Ethanolamine
1339739,1,1,Ethanolamine
1339740,1,1,Ethanolamine
1339741,1,1,Ethanolamine
1339743,1,1,Ethanolamine
1339744,1,1,Ethanolamine
1339745,1,1,Ethanolamine
1339747,1,1,Ethanolamine
1339748,1,1,Ethanolamine
1339749,1,1,Ethanolamine
1339751,1,1,Ethanolamine
1339752,1,1,Ethanolamine
1339753,1,1,Ethanolamine
1339755,1,1,Ethanolamine
1339756,1,1,Ethanolamine
1339757,1,1,Ethanolamine
1339759,1,1,Ethanolamine
1339760,1,1,Ethanolamine
1339761,1,1,Ethanolamine
1339763,1,1,Ethanolamine
1339764,1,1,Ethanolamine
1339765,1,1,Ethanolamine
1339767,1,1,Ethanolamine
1339768,1,1,Ethanolamine
1339769,1,1,Ethanolamine
1339771,1,1,Ethanolamine
1339772,1,1,Ethanolamine
1339773,1,1,Ethanolamine
1339775,1,1,Ethanolamine
1339776,1,1,Ethanolamine
1339777,1,1,Ethanolamine
1339779,1,1,Ethanolamine
1339780,1,1,Ethanolamine
1339781,1,1,Ethanolamine
1339783,1,1,Ethanolamine
1339784,1,1,Ethanolamine
1339785,1,1,Ethanolamine
1339787,1,1,Ethanolamine
1339788,1,1,Ethanolamine
1339789,1,1,Ethanolamine
1339791,1,1,Ethanolamine
1339792,1,1,Ethanolamine
1339793,1,1,Ethanolamine
1339795,1,1,Ethanolamine
1339796,1,1,Ethanolamine
1339797,1,1,Ethanolamine
1339799,1,1,Ethanolamine
1339800,1,1,Ethanolamine
1339801,1,1,Ethanolamine
1339803,1,1,Ethanolamine
1339804,1,1,Ethanolamine
1339805,1,1,Ethanolamine
1339807,1,1,Ethanolamine
1339808,1,1,Ethanolamine
1339809,1,1,Ethanolamine
1339811,1,1,Ethanolamine
1339812,1,1,Ethanolamine
1339813,1,1,Ethanolamine
1339815,1,1,Ethanolamine
1339816,1,1,Ethanolamine
1339817,1,1,Ethanolamine
1339819,1,1,Ethanolamine
1339820,1,1,Ethanolamine
1339821,1,1,Ethanolamine
1339823,1,1,Ethanolamine
1339824,1,1,Ethanolamine
1339825,1,1,Ethanolamine
1339827,1,1,Ethanolamine
1339828,1,1,Ethanolamine
1339829,1,1,Ethanolamine
1339831,1,1,Ethanolamine
1339832,1,1,Ethanolamine
1339833,1,1,Ethanolamine
1339835,1,1,Ethanolamine
1339836,1,1,Ethanolamine
1339837,1,1,Ethanolamine
1339839,1,1,Ethanolamine
1339840,1,1,Ethanolamine
1339841,1,1,Ethanolamine
1339843,1,1,Ethanolamine
1339844,1,1,Ethanolamine
1339845,1,1,Ethanolamine
1339846,1,1,Ethanolamine
1339847,1,1,Ethanolamine
1339848,1,1,Ethanolamine
1339849,1,1,Ethanolamine
1339850,1,1,Ethanolamine
1339851,1,1,Ethanolamine
1339852,1,1,Ethanolamine
1339853,1,1,Ethanolamine
1339854,1,1,Ethanolamine
1339855,1,1,Ethanolamine
1339856,1,1,Ethanolamine
1339857,1,1,Ethanolamine
1339858,1,1,Ethanolamine
1339859,1,1,Ethanolamine
1339860,1,1,Ethanolamine
1339861,1,1,Ethanolamine
1339862,1,1,Ethanolamine
1339863,1,1,Ethanolamine
1339864,1,1,Ethanolamine
1339865,1,1,Ethanolamine
1339866,1,1,Ethanolamine
1339867,1,1,Ethanolamine
1339868,1,1,Ethanolamine
1339869,1,1,Ethanolamine
1339870,1,1,Ethanolamine
1339871,1,1,Ethanolamine
1339872,1,1,Ethanolamine
1339873,1,1,Ethanolamine
1339874,1,1,Ethanolamine
1339875,1,1,Ethanolamine
1339876,1,1,Ethanolamine
1339877,1,1,Ethanolamine
1339878,1,1,Ethanolamine
1339879,1,1,Ethanolamine
1339880,1,1,Ethanolamine
1339881,1,1,Ethanolamine
1339882,1,1,Ethanolamine
1339883,1,1,Ethanolamine
1339884,1,1,Ethanolamine
1339885,1,1,Ethanolamine
1339886,1,1,Ethanolamine
1339887,1,1,Ethanolamine
1339888,1,1,Ethanolamine
1339889,1,1,Ethanolamine
1339890,1,1,Ethanolamine
1339891,1,1,Ethanolamine
1339892,1,1,Ethanolamine
1339893,1,1,Ethanolamine
1339894,1,1,Ethanolamine
1339895,1,1,Ethanolamine
1339896,1,1,Ethanolamine
1339897,1,1,Ethanolamine
1339898,1,1,Ethanolamine
1339899,1,1,Ethanolamine
1339900,1,1,Ethanolamine
1339901,1,1,Ethanolamine
1339902,1,1,Ethanolamine
1339903,1,1,Ethanolamine
1339904,1,1,Ethanolamine
1339905,1,1,Ethanolamine
1339906,1,1,Ethanolamine
1339907,1,1,Ethanolamine
1339908,1,1,Ethanolamine
1339909,1,1,Ethanolamine
1339910,1,1,Ethanolamine
1339911,1,1,Ethanolamine
1339912,1,1,Ethanolamine
1339913,1,1,Ethanolamine
1339914,1,1,Ethanolamine
1339915,1,1,Ethanolamine
1339916,1,1,Ethanolamine
1339917,1,1,Ethanolamine
1339918,1,1,Ethanolamine
1339919,1,1,Ethanolamine
1339920,1,1,Ethanolamine
1339921,1,1,Ethanolamine
1339923,1,1,Ethanolamine
1339924,1,1,Ethanolamine
1339925,1,1,Ethanolamine
1339926,1,1,Ethanolamine
1339927,1,1,Ethanolamine
1339928,1,1,Ethanolamine
1339929,1,1,Ethanolamine
1339930,1,1,Ethanolamine
1339931,1,1,Ethanolamine
1339932,1,1,Ethanolamine
1339933,1,1,Ethanolamine
1339934,1,1,Ethanolamine
1339935,1,1,Ethanolamine
1339936,1,1,Ethanolamine
1339937,1,1,Ethanolamine
1339938,1,1,Ethanolamine
1339939,1,1,Ethanolamine
1339940,1,1,Ethanolamine
1339941,1,1,Ethanolamine
1339942,1,1,Ethanolamine
1339943,1,1,Ethanolamine
1339944,1,1,Ethanolamine
1339945,1,1,Ethanolamine
1339946,1,1,Ethanolamine
1339947,1,1,Ethanolamine
1339948,1,1,Ethanolamine
1339949,1,1,Ethanolamine
1339950,1,1,Ethanolamine
1339951,1,1,Ethanolamine
1339952,1,1,Ethanolamine
1339953,1,1,Ethanolamine
1339954,1,1,Ethanolamine
1339955,1,1,Ethanolamine
1339956,1,1,Ethanolamine
1339957,1,1,Ethanolamine
1339958,1,1,Ethanolamine
1339959,1,1,Ethanolamine
1339960,1,1,Ethanolamine
1339961,1,1,Ethanolamine
1339962,1,1,Ethanolamine
1339963,1,1,Ethanolamine
1339964,1,1,Ethanolamine
1339965,1,1,Ethanolamine
1339966,1,1,Ethanolamine
1339967,1,1,Ethanolamine
1339968,1,1,Ethanolamine
1339969,1,1,Ethanolamine
1339970,1,1,Ethanolamine
1339971,1,1,Ethanolamine
1339972,1,1,Ethanolamine
1339973,1,1,Ethanolamine
1339974,1,1,Ethanolamine
1339975,1,1,Ethanolamine
1339976,1,1,Ethanolamine
1339977,1,1,Ethanolamine
1339978,1,1,Ethanolamine
1339979,1,1,Ethanolamine
1339980,1,1,Ethanolamine
1339988,1,1,Ethanolamine
1339989,1,1,Ethanolamine
1339990,1,1,Ethanolamine
1339991,1,1,Ethanolamine
1339992,1,1,Ethanolamine
1339993,1,1,Ethanolamine
1339995,1,1,Ethanolamine
1339996,1,1,Ethanolamine
1339997,1,1,Ethanolamine
1339998,1,1,Ethanolamine
1339999,1,1,Ethanolamine
1340000,1,1,Ethanolamine
1340001,1,1,Ethanolamine
1340002,1,1,Ethanolamine
1340003,1,1,Ethanolamine
1340004,1,1,Ethanolamine
1340005,1,1,Ethanolamine
1340006,1,1,Ethanolamine
1340007,1,1,Ethanolamine
1340008,1,1,Ethanolamine
1340009,1,1,Ethanolamine
1340010,1,1,Ethanolamine
1340011,1,1,Ethanolamine
1340012,1,1,Ethanolamine
1340013,1,1,Ethanolamine
1340014,1,1,Ethanolamine
1340016,1,1,Ethanolamine
1340017,1,1,Ethanolamine
1340018,1,1,Ethanolamine
1340019,1,1,Ethanolamine
1340020,1,1,Ethanolamine
1340021,1,1,Ethanolamine
1340022,1,1,Ethanolamine
1340023,1,1,Ethanolamine
1340024,1,1,Ethanolamine
1340025,1,1,Ethanolamine
1340026,1,1,Ethanolamine
1340027,1,1,Ethanolamine
1340028,1,1,Ethanolamine
1340029,1,1,Ethanolamine
1340030,1,1,Ethanolamine
1340031,1,1,Ethanolamine
1340032,1,1,Ethanolamine
1340033,1,1,Ethanolamine
1340034,1,1,Ethanolamine
1340035,1,1,Ethanolamine
1340036,1,1,Ethanolamine
1340037,1,1,Ethanolamine
1340038,1,1,Ethanolamine
1340039,1,1,Ethanolamine
1340040,1,1,Ethanolamine
1340041,1,1,Ethanolamine
1340042,1,1,Ethanolamine
1340044,1,1,Ethanolamine
1340045,1,1,Ethanolamine
1340046,1,1,Ethanolamine
1340047,1,1,Ethanolamine
1340048,1,1,Ethanolamine
1340049,1,1,Ethanolamine
1340050,1,1,Ethanolamine
1340051,1,1,Ethanolamine
1340052,1,1,Ethanolamine
1340053,1,1,Ethanolamine
1340054,1,1,Ethanolamine
1340056,1,1,Ethanolamine
1340057,1,1,Ethanolamine
1340058,1,1,Ethanolamine
1340059,1,1,Ethanolamine
1340060,1,1,Ethanolamine
1340061,1,1,Ethanolamine
1340062,1,1,Ethanolamine
1340063,1,1,Ethanolamine
1340064,1,1,Ethanolamine
1340065,1,1,Ethanolamine
1340066,1,1,Ethanolamine
1340067,1,1,Ethanolamine
1340068,1,1,Ethanolamine
1340069,1,1,Ethanolamine
1340070,1,1,Ethanolamine
1340071,1,1,Ethanolamine
1340072,1,1,Ethanolamine
1340073,1,1,Ethanolamine
1340074,1,1,Ethanolamine
1340075,1,1,Ethanolamine
1340076,1,1,Ethanolamine
1340077,1,1,Ethanolamine
1340078,1,1,Ethanolamine
1340079,1,1,Ethanolamine
1340080,1,1,Ethanolamine
1340081,1,1,Ethanolamine
1340082,1,1,Ethanolamine
1340083,1,1,Ethanolamine
1340084,1,1,Ethanolamine
1340085,1,1,Ethanolamine
1340087,1,1,Ethanolamine
1340088,1,1,Ethanolamine
1340089,1,1,Ethanolamine
1340090,1,1,Ethanolamine
1340091,1,1,Ethanolamine
1340092,1,1,Ethanolamine
1340093,1,1,Ethanolamine
1340094,1,1,Ethanolamine
1340095,1,1,Ethanolamine
1340096,1,1,Ethanolamine
1340097,1,1,Ethanolamine
1340098,1,1,Ethanolamine
1360974,1,1,caffeine
24249,1,1,caffeine
24252,1,1,caffeine
25352,1,1,Ginsenoside rb1
25357,1,1,Ginsenoside rb1
25520,1,1,caffeine
25525,1,1,caffeine
25530,1,1,caffeine
25533,1,1,caffeine
25536,1,1,caffeine
25598,1,1,caffeine
26392,1,1,Ginsenoside rb1
28127,1,1,Ethanolamine
28128,1,1,Ethanolamine
38901,1,1,Ethanolamine
39846,1,1,caffeine
39971,1,1,caffeine
