canonical_target,total_count,n_compounds,compounds
CYP1A2,41,1,caffeine
ADORA2A,36,1,caffeine
ADORA1,34,1,caffeine
CASP3,23,2,Ginsenoside rb1;caffeine
ATM,22,1,caffeine
ADORA2B,19,1,caffeine
CHRM1,18,3,bethanechol;maprotiline;pilocarpine
CNP,17,1,caffeine
PARP1,16,1,caffeine
CHRM3,13,4,bethanechol;carbachol;maprotiline;pilocarpine
CHRM2,13,3,bethanechol;maprotiline;pilocarpine
TP53,13,1,caffeine
AKT1,12,2,Ginsenoside rb1;caffeine
IGF1,12,2,Ginsenoside rb1;caffeine
CDKN1A,12,1,caffeine
CHRM4,11,3,bethanechol;maprotiline;pilocarpine
CHRM5,11,3,bethanechol;maprotiline;pilocarpine
ADORA3,11,1,caffeine
CHEK1,10,1,caffeine
RYR1,10,1,caffeine
SCARB1,10,1,caffeine
ATR,9,1,caffeine
H2AX,9,1,caffeine
IL6,8,2,Ginsenoside rb1;caffeine
CCNB1,8,1,caffeine
DRD2,8,1,caffeine
HMGCR,8,1,caffeine
APOB,7,2,Ethanolamine;caffeine
SQSTM1,7,2,Ginsenoside rb1;caffeine
ACHE,7,1,caffeine
CDK1,7,1,caffeine
HMGCS1,7,1,caffeine
NAT2,7,1,caffeine
muscarinic acetylcholine receptor,6,2,bethanechol;pilocarpine
BAX,6,1,caffeine
CASP9,6,1,caffeine
CAT,6,1,caffeine
CREB1,6,1,caffeine
CYP3A4,6,1,caffeine
FASN,6,1,caffeine
HMGB1,6,1,caffeine
HSD3B1,6,1,caffeine
HSPB1,6,1,caffeine
LEP,6,1,caffeine
LOC101060524,6,1,maprotiline
MTOR,6,1,caffeine
NQO1,6,1,caffeine
NR3C1,6,1,caffeine
inositol 1 4 5 trisphosphate receptor,6,1,caffeine
LDHA,5,2,Ginsenoside rb1;caffeine
MAPK1,5,2,caffeine;forskolin
CDC25C,5,1,caffeine
CYP2A6,5,1,caffeine
EPHA1,5,1,caffeine
FAS,5,1,caffeine
FDFT1,5,1,caffeine
GFAP,5,1,caffeine
HELLS,5,1,caffeine
HNRNPK,5,1,caffeine
IGF1R,5,1,caffeine
cytochrome p450 3a4,4,3,caffeine;maprotiline;pilocarpine
AR,4,2,caffeine;forskolin
CTSB,4,2,Ginsenoside rb1;caffeine
IL1B,4,2,Ginsenoside rb1;caffeine
MAPK3,4,2,caffeine;forskolin
NFE2L2,4,2,Ginsenoside rb1;caffeine
ANXA4,4,1,caffeine
APOC2,4,1,caffeine
BNIP3,4,1,caffeine
CALU,4,1,caffeine
CASP2,4,1,caffeine
CDK2,4,1,caffeine
CDK4,4,1,caffeine
CEBPA,4,1,caffeine
CEBPB,4,1,caffeine
CHEK2,4,1,caffeine
CTNNB1,4,1,caffeine
CXCL8,4,1,caffeine
CYP2C9,4,1,caffeine
CYP2D6,4,1,caffeine
DCT,4,1,caffeine
DNAJA1,4,1,caffeine
DNMT1,4,1,caffeine
DNMT3A,4,1,caffeine
DNMT3B,4,1,caffeine
GAPDH,4,1,caffeine
GCLC,4,1,caffeine
GJA1,4,1,caffeine
GPI,4,1,caffeine
GPT,4,1,caffeine
HMGA1,4,1,caffeine
HNRNPA1,4,1,caffeine
HNRNPF,4,1,caffeine
HSD11B2,4,1,caffeine
ILF3,4,1,caffeine
INSR,4,1,caffeine
ITPR1,4,1,caffeine
JUN,4,1,caffeine
KRT18,4,1,caffeine
LDLR,4,1,caffeine
LEPR,4,1,caffeine
LMNB1,4,1,caffeine
LPL,4,1,caffeine
PRKDC,4,1,caffeine
REN,4,1,caffeine
RYR2,4,1,caffeine
SIRT1,4,1,caffeine
STAR,4,1,caffeine
STMN1,4,1,caffeine
adenylate cyclase type 2,4,1,forskolin
alpha 1a adrenergic receptor,4,1,maprotiline
chitotriosidase 1,4,1,caffeine
glycogen phosphorylase muscle form,4,1,caffeine
serine protein kinase atm,4,1,caffeine
sodium dependent noradrenaline transporter,4,1,maprotiline
FOS,3,2,Ginsenoside rb1;caffeine
HDAC7,3,2,caffeine;forskolin
ITGAM,3,2,Ginsenoside rb1;caffeine
KCNH2,3,2,Ginsenoside rb1;caffeine
LOC107987479,3,2,caffeine;maprotiline
MAP1LC3B,3,2,Ginsenoside rb1;caffeine
PPARG,3,2,caffeine;forskolin
RELA,3,2,Ginsenoside rb1;caffeine
RUNX2,3,2,Ginsenoside rb1;caffeine
TNF,3,2,Ginsenoside rb1;caffeine
cytochrome p450 1a2,3,2,caffeine;maprotiline
ABAT,3,1,caffeine
ACACA,3,1,caffeine
ACAN,3,1,caffeine
ACLY,3,1,caffeine
ALDOA,3,1,caffeine
APOA1,3,1,caffeine
APOA2,3,1,caffeine
CAD,3,1,caffeine
CALM1,3,1,caffeine
CCNG1,3,1,caffeine
COL1A1,3,1,caffeine
CPT1A,3,1,caffeine
CYP1A1,3,1,caffeine
EEF1A1,3,1,caffeine
EEF1D,3,1,caffeine
EEF2,3,1,caffeine
EGR1,3,1,caffeine
EIF4E,3,1,caffeine
EIF4EBP1,3,1,caffeine
EIF5,3,1,caffeine
ENO1,3,1,caffeine
GRM1,3,1,caffeine
GSK3A,3,1,caffeine
GSK3B,3,1,caffeine
HDLBP,3,1,caffeine
HNRNPC,3,1,caffeine
HNRNPH1,3,1,caffeine
HRH1,3,1,maprotiline
HSP90AA1,3,1,caffeine
HSPA4,3,1,caffeine
HTR2A,3,1,maprotiline
HTR2C,3,1,maprotiline
ICAM1,3,1,caffeine
IL10RB,3,1,caffeine
MKI67,3,1,caffeine
NT5E,3,1,caffeine
PAK1,3,1,caffeine
PAK2,3,1,caffeine
PTGS2,3,1,caffeine
RB1,3,1,caffeine
SFPQ,3,1,caffeine
SOX9,3,1,caffeine
SQLE,3,1,caffeine
TRP53,3,1,caffeine
adenylate cyclase type 5,3,1,forskolin
alpha 1 adrenergic receptor,3,1,maprotiline
alpha 2 adrenergic receptor,3,1,maprotiline
h1 4,3,1,caffeine
phosphatidylinositol 4 5 bisphosphate 3 kinase catalytic subunit delta isoform,3,1,caffeine
AARS1,2,2,bethanechol;caffeine
AHR,2,2,Ethanolamine;forskolin
AOX1,2,2,caffeine;maprotiline
APOE,2,2,Ethanolamine;caffeine
ATP6V1B2,2,2,Ginsenoside rb1;caffeine
CTSD,2,2,Ginsenoside rb1;caffeine
ESR1,2,2,Ethanolamine;forskolin
MAPK15,2,2,caffeine;forskolin
MAPK7,2,2,caffeine;forskolin
PGR,2,2,Ginsenoside rb1;caffeine
TGFB1,2,2,Ginsenoside rb1;caffeine
amine oxidase flavin containing b,2,2,caffeine;maprotiline
3 5 cyclic amp phosphodiesterase 4b,2,1,caffeine
3 5 cyclic amp phosphodiesterase 4d,2,1,caffeine
ABCA3,2,1,caffeine
ABCC2,2,1,caffeine
ABLIM1,2,1,caffeine
ACE,2,1,caffeine
ACSL3,2,1,caffeine
ACSL4,2,1,caffeine
ACTA2,2,1,caffeine
ACTB,2,1,caffeine
ACTL6A,2,1,caffeine
ACTN4,2,1,caffeine
ADA,2,1,caffeine
ADCY5,2,1,caffeine
ADD3,2,1,caffeine
AGTR2,2,1,caffeine
AHCY,2,1,caffeine
ALB,2,1,caffeine
ALDH1A1,2,1,caffeine
AMPD2,2,1,caffeine
ANGPT1,2,1,caffeine
ANXA3,2,1,Ethanolamine
AP2M1,2,1,caffeine
APC,2,1,caffeine
APLP2,2,1,caffeine
APOC1,2,1,caffeine
ARAF,2,1,caffeine
ARF1,2,1,caffeine
ARID3A,2,1,caffeine
ARL4D,2,1,caffeine
ARRB2,2,1,caffeine
ARVCF,2,1,caffeine
ASGR2,2,1,caffeine
ATP1A1,2,1,caffeine
ATP2A2,2,1,caffeine
ATP6V0C,2,1,caffeine
ATRX,2,1,caffeine
AVPR1A,2,1,caffeine
BARD1,2,1,caffeine
BCL2L1,2,1,caffeine
BCL6,2,1,caffeine
BCR,2,1,caffeine
BDNF,2,1,caffeine
BHMT,2,1,caffeine
BIRC2,2,1,caffeine
BMPR1A,2,1,caffeine
BRAF,2,1,caffeine
BTF3,2,1,caffeine
BUB1,2,1,caffeine
BUB1B,2,1,caffeine
C1R,2,1,caffeine
C1S,2,1,caffeine
C2CD5,2,1,caffeine
CA1,2,1,caffeine
CA2,2,1,caffeine
CACNA1S,2,1,caffeine
CAMK2B,2,1,caffeine
CANX,2,1,caffeine
CAPN1,2,1,caffeine
CAPRIN1,2,1,caffeine
CARS1,2,1,caffeine
CASP8,2,1,caffeine
CAV1,2,1,caffeine
CAV3,2,1,caffeine
CBS,2,1,caffeine
CCND1,2,1,caffeine
CCNF,2,1,caffeine
CD36,2,1,caffeine
CD9,2,1,caffeine
CDC20,2,1,caffeine
CDC25B,2,1,caffeine
CDC27,2,1,caffeine
CDH1,2,1,caffeine
CDH11,2,1,caffeine
CDH5,2,1,caffeine
CDK7,2,1,caffeine
CEACAM1,2,1,caffeine
CENPC,2,1,caffeine
CENPE,2,1,caffeine
CFL2,2,1,caffeine
CHD2,2,1,caffeine
CHD3,2,1,caffeine
CKB,2,1,caffeine
CLDN3,2,1,caffeine
CLIC1,2,1,caffeine
CLK2,2,1,caffeine
CLK3,2,1,caffeine
CLNS1A,2,1,caffeine
CLTC,2,1,caffeine
CNN3,2,1,caffeine
COCH,2,1,caffeine
COMT,2,1,caffeine
COPA,2,1,caffeine
CORT,2,1,caffeine
CPD,2,1,caffeine
CREBBP,2,1,caffeine
CRIP2,2,1,caffeine
CRTC2,2,1,caffeine
CRYBA4,2,1,caffeine
CRYBB1,2,1,caffeine
CSNK1E,2,1,caffeine
CSNK1G3,2,1,caffeine
CST3,2,1,caffeine
CSTF1,2,1,caffeine
CTNNA2,2,1,caffeine
CTSL,2,1,caffeine
CTTN,2,1,caffeine
CXADR,2,1,caffeine
CYBA,2,1,caffeine
CYC1,2,1,caffeine
CYP11A1,2,1,caffeine
CYP11B1,2,1,caffeine
CYP17A1,2,1,caffeine
CYP1B1,2,1,caffeine
CYP21A2,2,1,caffeine
CYP2C19,2,1,caffeine
CYP2E1,2,1,caffeine
CYP4B1,2,1,caffeine
DAB2,2,1,caffeine
DAD1,2,1,caffeine
DAGLA,2,1,caffeine
DAPK3,2,1,caffeine
DAXX,2,1,caffeine
DBN1,2,1,caffeine
DCAF11,2,1,caffeine
DCK,2,1,caffeine
DDR1,2,1,caffeine
DDX10,2,1,caffeine
DDX39A,2,1,caffeine
DDX3X,2,1,caffeine
DDX5,2,1,caffeine
DFFA,2,1,caffeine
DGKQ,2,1,caffeine
DHCR24,2,1,caffeine
DHCR7,2,1,caffeine
DHODH,2,1,caffeine
DHX8,2,1,caffeine
DIAPH1,2,1,caffeine
DKC1,2,1,caffeine
DLG1,2,1,caffeine
DLX2,2,1,caffeine
DMD,2,1,caffeine
DMTN,2,1,caffeine
DMWD,2,1,caffeine
DMXL1,2,1,caffeine
DNM2,2,1,caffeine
DOCK1,2,1,caffeine
DOK1,2,1,caffeine
DPP4,2,1,caffeine
DPYSL2,2,1,caffeine
DR1,2,1,caffeine
DSC2,2,1,caffeine
DSP,2,1,caffeine
DST,2,1,caffeine
DTNA,2,1,caffeine
DUSP8,2,1,caffeine
DVL2,2,1,caffeine
DYNC1H1,2,1,caffeine
DYRK1A,2,1,caffeine
E2F4,2,1,caffeine
ECT2,2,1,caffeine
EEF1B2,2,1,caffeine
EFNA1,2,1,caffeine
EHHADH,2,1,caffeine
EIF4B,2,1,caffeine
ELAVL1,2,1,caffeine
ELF2,2,1,caffeine
ENO2,2,1,caffeine
EPB41L1,2,1,caffeine
EPHB4,2,1,caffeine
EPPK1,2,1,caffeine
EPS15,2,1,caffeine
EPS8,2,1,caffeine
ERBB2,2,1,caffeine
ERCC5,2,1,caffeine
ERF,2,1,caffeine
ESYT2,2,1,caffeine
ETV3,2,1,caffeine
ETV5,2,1,caffeine
EYA1,2,1,caffeine
EZR,2,1,caffeine
FABP4,2,1,caffeine
FARSA,2,1,caffeine
FAT1,2,1,caffeine
FAU,2,1,caffeine
FDX1,2,1,caffeine
FER,2,1,caffeine
FES,2,1,caffeine
FGD1,2,1,caffeine
FGF2,2,1,caffeine
FGFR3,2,1,caffeine
FGFR4,2,1,caffeine
FHL1,2,1,caffeine
FKBP5,2,1,caffeine
FLNA,2,1,caffeine
FLNB,2,1,caffeine
FLOT2,2,1,caffeine
FOXA1,2,1,caffeine
FOXA2,2,1,caffeine
FOXK2,2,1,caffeine
FOXM1,2,1,caffeine
FUS,2,1,caffeine
FUT8,2,1,caffeine
FYN,2,1,caffeine
G6PD,2,1,caffeine
GAB1,2,1,caffeine
GABPA,2,1,caffeine
GAD1,2,1,caffeine
GALE,2,1,caffeine
GAS2,2,1,caffeine
GAST,2,1,caffeine
GATA2,2,1,caffeine
GDF10,2,1,caffeine
GFER,2,1,caffeine
GH1,2,1,caffeine
GLI3,2,1,caffeine
GLUD1,2,1,caffeine
GMFB,2,1,caffeine
GNAI1,2,1,caffeine
GNAQ,2,1,caffeine
GNAS,2,1,caffeine
GNG5,2,1,caffeine
GOLGA1,2,1,caffeine
GOLGA4,2,1,caffeine
GOLGB1,2,1,caffeine
GOT2,2,1,caffeine
GPS1,2,1,caffeine
GPX1,2,1,caffeine
GPX3,2,1,caffeine
GRB10,2,1,caffeine
GRIN1,2,1,caffeine
GRIN2A,2,1,caffeine
GRK2,2,1,caffeine
GRK5,2,1,caffeine
GSR,2,1,caffeine
GTF2E1,2,1,caffeine
GTF2F2,2,1,caffeine
GTF3C1,2,1,caffeine
GYS1,2,1,caffeine
HDAC1,2,1,caffeine
HDAC2,2,1,caffeine
HDGF,2,1,caffeine
HIF1A,2,1,caffeine
HINT1,2,1,caffeine
HIP1,2,1,caffeine
HIVEP1,2,1,caffeine
HIVEP2,2,1,caffeine
HLCS,2,1,caffeine
HMGN1,2,1,caffeine
HMOX1,2,1,Ginsenoside rb1
HNRNPAB,2,1,caffeine
HNRNPD,2,1,caffeine
HNRNPH2,2,1,caffeine
HNRNPH3,2,1,caffeine
HNRNPL,2,1,caffeine
HNRNPU,2,1,caffeine
HOXB7,2,1,caffeine
HOXD4,2,1,caffeine
HPD,2,1,caffeine
HPRT1,2,1,caffeine
HRAS,2,1,caffeine
HRC,2,1,caffeine
HSD17B3,2,1,caffeine
HSP90AB1,2,1,caffeine
HSPA1B,2,1,caffeine
HSPD1,2,1,caffeine
HSPG2,2,1,caffeine
HTR7,2,1,maprotiline
HTT,2,1,caffeine
IBSP,2,1,caffeine
ID2,2,1,caffeine
ID3,2,1,caffeine
IFNAR2,2,1,caffeine
IFNGR1,2,1,caffeine
IGF2,2,1,caffeine
IGF2R,2,1,caffeine
IGLC6,2,1,caffeine
IGSF1,2,1,caffeine
IL10,2,1,caffeine
IL12A,2,1,caffeine
IL12B,2,1,caffeine
IL2RA,2,1,caffeine
IL4RA,2,1,caffeine
IL5,2,1,caffeine
IL6ST,2,1,caffeine
IMPDH2,2,1,caffeine
INCENP,2,1,caffeine
INPP5D,2,1,caffeine
INPPL1,2,1,caffeine
INS,2,1,caffeine
INSIG1,2,1,caffeine
IP3R1,2,1,caffeine
IRAK1,2,1,caffeine
IREB2,2,1,caffeine
IRS1,2,1,caffeine
ITGA4,2,1,caffeine
ITGB1,2,1,caffeine
ITGB4,2,1,caffeine
ITIH2,2,1,caffeine
ITPKA,2,1,caffeine
ITPR3,2,1,caffeine
JAG1,2,1,caffeine
JAK3,2,1,caffeine
JARID2,2,1,caffeine
JUNB,2,1,caffeine
JUND,2,1,caffeine
JUP,2,1,caffeine
KARS1,2,1,caffeine
KCNK2,2,1,caffeine
KDR,2,1,caffeine
KHSRP,2,1,caffeine
KIDINS220,2,1,caffeine
KIF22,2,1,caffeine
KIFC3,2,1,caffeine
KLF4,2,1,caffeine
KPNA2,2,1,caffeine
KPNB1,2,1,caffeine
KRT1,2,1,caffeine
KRT84,2,1,caffeine
KTN1,2,1,caffeine
LAD1,2,1,caffeine
LAMB1,2,1,caffeine
LASP1,2,1,caffeine
LBR,2,1,caffeine
LCK,2,1,caffeine
LGALS2,2,1,caffeine
LIG1,2,1,caffeine
LIG3,2,1,caffeine
LIMK1,2,1,caffeine
LIMK2,2,1,caffeine
LLGL2,2,1,caffeine
LMNA,2,1,caffeine
LMO7,2,1,caffeine
LNPEP,2,1,caffeine
LPAR4,2,1,caffeine
LPP,2,1,caffeine
LRBA,2,1,caffeine
LRCH4,2,1,caffeine
LRP4,2,1,caffeine
LRP6,2,1,caffeine
LSS,2,1,caffeine
MAP2K7,2,1,caffeine
MAPT,2,1,caffeine
MARCKS,2,1,caffeine
MARK2,2,1,caffeine
MLXIPL,2,1,caffeine
MMP13,2,1,caffeine
MSH6,2,1,caffeine
MSMO1,2,1,caffeine
MTRR,2,1,caffeine
MYC,2,1,caffeine
MYO9B,2,1,caffeine
MYRF,2,1,caffeine
NBR1,2,1,caffeine
NCL,2,1,caffeine
NFKB1,2,1,caffeine
NISCH,2,1,caffeine
NOS2,2,1,caffeine
NPHS1,2,1,caffeine
NPPA,2,1,caffeine
NR1I2,2,1,forskolin
NR2F6,2,1,caffeine
NR5A1,2,1,caffeine
PARP4,2,1,caffeine
PCSK9,2,1,caffeine
PDE4B,2,1,caffeine
PDE5A,2,1,caffeine
PDIA3,2,1,caffeine
PGM1,2,1,caffeine
PHB1,2,1,caffeine
PHEX,2,1,caffeine
PIDD1,2,1,caffeine
PIP5K1C,2,1,caffeine
PLCB1,2,1,caffeine
PLEC,2,1,caffeine
PLIN2,2,1,caffeine
POLR3D,2,1,caffeine
PPARA,2,1,caffeine
PPFIBP1,2,1,caffeine
PRKAA1,2,1,caffeine
PRKAA2,2,1,caffeine
PRKACA,2,1,caffeine
PRKAR1A,2,1,caffeine
PSMA5,2,1,caffeine
PTTG1IP,2,1,caffeine
PWP2,2,1,caffeine
RAB3IP,2,1,caffeine
RAB5C,2,1,caffeine
RABGEF1,2,1,caffeine
RAD50,2,1,caffeine
RAD51AP1,2,1,caffeine
RALGAPB,2,1,caffeine
RBBP5,2,1,caffeine
RBMX,2,1,caffeine
RERE,2,1,caffeine
RPA2,2,1,caffeine
RPL17,2,1,caffeine
RPL27A,2,1,caffeine
RPL29,2,1,caffeine
RPL4,2,1,caffeine
RPL5,2,1,caffeine
RPN1,2,1,caffeine
RPS19,2,1,caffeine
RPS20,2,1,caffeine
RPS3A,2,1,caffeine
RPS6,2,1,caffeine
RPS6KA3,2,1,caffeine
RPS6KB1,2,1,caffeine
RUNX1,2,1,caffeine
RYR3,2,1,caffeine
SCD1,2,1,caffeine
SCFD1,2,1,caffeine
SENP6,2,1,caffeine
SEPTIN7,2,1,caffeine
SERBP1,2,1,caffeine
SERPINA6,2,1,caffeine
SERPINB1,2,1,caffeine
SHARPIN,2,1,caffeine
SHROOM2,2,1,caffeine
SLC16A1,2,1,caffeine
SLC17A5,2,1,caffeine
SLC26A2,2,1,caffeine
SLC29A1,2,1,caffeine
SLC2A1,2,1,caffeine
SLC2A3,2,1,caffeine
SLC6A15,2,1,caffeine
SLC6A3,2,1,caffeine
SLCO1B3,2,1,Ginsenoside rb1
SMAD3,2,1,caffeine
SOD1,2,1,caffeine
SOD2,2,1,caffeine
SOWAHA,2,1,caffeine
SPP1,2,1,caffeine
SREBF1,2,1,caffeine
SREBF2,2,1,caffeine
SRSF2,2,1,caffeine
STIM1,2,1,caffeine
SULT2A1,2,1,caffeine
TFEB,2,1,Ginsenoside rb1
TIMM8A,2,1,caffeine
TOP1,2,1,caffeine
TRIM28,2,1,caffeine
TRPM3,2,1,maprotiline
TSC22D1,2,1,caffeine
UBA1,2,1,caffeine
VCAN,2,1,caffeine
XRCC6,2,1,caffeine
YWHAE,2,1,caffeine
ZBTB48,2,1,caffeine
ZFHX3,2,1,caffeine
ZFP36L1,2,1,caffeine
adenosine a2 receptor,2,1,caffeine
alpha 1b adrenergic receptor,2,1,maprotiline
alpha 1d adrenergic receptor,2,1,maprotiline
alpha 2a adrenergic receptor,2,1,maprotiline
alpha 2b adrenergic receptor,2,1,maprotiline
alpha 2c adrenergic receptor,2,1,maprotiline
cgmp inhibited 3 5 cyclic phosphodiesterase 3b,2,1,caffeine
cgmp specific 3 5 cyclic phosphodiesterase,2,1,caffeine
cytochrome p450 1a1,2,1,caffeine
cytochrome p450 1b1,2,1,caffeine
cytochrome p450 2c8,2,1,caffeine
cytochrome p450 2c9,2,1,caffeine
cytochrome p450 2e1,2,1,caffeine
dna dependent protein kinase catalytic subunit,2,1,caffeine
dual specificity calcium calmodulin dependent 3 5 cyclic nucleotide phosphodiesterase 1b,2,1,caffeine
guanine nucleotide binding protein g subunit alpha isoforms short,2,1,forskolin
h1 5,2,1,caffeine
h1 6,2,1,caffeine
hla a,2,1,caffeine
inositol 1 4 5 trisphosphate gated calcium channel itpr1,2,1,caffeine
inositol 1 4 5 trisphosphate gated calcium channel itpr2,2,1,caffeine
inositol 1 4 5 trisphosphate gated calcium channel itpr3,2,1,caffeine
phosphatidylinositol 4 5 bisphosphate 3 kinase catalytic subunit alpha isoform,2,1,caffeine
serine threonine protein kinase atr,2,1,caffeine
sodium dependent dopamine transporter,2,1,maprotiline
sodium dependent serotonin transporter,2,1,maprotiline
3 5 cyclic amp phosphodiesterase 4a,1,1,caffeine
3 5 cyclic amp phosphodiesterase 4c,1,1,caffeine
3 5 cyclic amp phosphodiesterase 7b,1,1,caffeine
AADAC,1,1,bethanechol
AAK1,1,1,caffeine
AAMP,1,1,bethanechol
AANAT,1,1,bethanechol
AATK,1,1,caffeine
AAVS1,1,1,bethanechol
ABCA1,1,1,caffeine
ABCA2,1,1,caffeine
ABCC1,1,1,caffeine
ABCC4,1,1,caffeine
ABCF1,1,1,caffeine
ABI1,1,1,caffeine
ABL1,1,1,caffeine
ABL2,1,1,caffeine
ACACB,1,1,caffeine
ACAT2,1,1,caffeine
ACOX1,1,1,caffeine
ACTN1,1,1,caffeine
ADAMTS5,1,1,caffeine
ADAR,1,1,caffeine
ADARB1,1,1,caffeine
ADCY7,1,1,caffeine
ADCY9,1,1,caffeine
ADD1,1,1,caffeine
ADIPOR2,1,1,caffeine
ADRM1,1,1,caffeine
ADSL,1,1,caffeine
AFF1,1,1,caffeine
AFF3,1,1,caffeine
AGAP2,1,1,caffeine
AGFG1,1,1,caffeine
AGFG2,1,1,caffeine
AGGF1,1,1,caffeine
AGT,1,1,caffeine
AGTR1A,1,1,caffeine
AIP,1,1,caffeine
AKAP10,1,1,caffeine
AKAP17A,1,1,caffeine
AKR1A1,1,1,caffeine
AKT2,1,1,caffeine
AKTIP,1,1,caffeine
ALDH18A1,1,1,caffeine
ALDH3A2,1,1,caffeine
ALDH4A1,1,1,caffeine
ALDH9A1,1,1,caffeine
ALDOC,1,1,caffeine
ALMS1,1,1,caffeine
ALPL,1,1,caffeine
AMER1,1,1,caffeine
AMFR,1,1,caffeine
ANAPC5,1,1,caffeine
ANG,1,1,caffeine
ANGPT2,1,1,caffeine
ANGPTL4,1,1,caffeine
ANK2,1,1,caffeine
ANKIB1,1,1,caffeine
ANKLE2,1,1,caffeine
ANKRD13A,1,1,caffeine
ANKRD17,1,1,caffeine
ANKRD37,1,1,caffeine
ANKRD50,1,1,caffeine
ANLN,1,1,caffeine
ANTXR1,1,1,caffeine
ANXA11,1,1,caffeine
ANXA2,1,1,caffeine
AP1M1,1,1,caffeine
APBA3,1,1,caffeine
APEH,1,1,caffeine
APEX1,1,1,caffeine
APOBEC3H,1,1,caffeine
APOC3,1,1,caffeine
APOL1,1,1,caffeine
APOM,1,1,caffeine
APS,1,1,caffeine
ARCN1,1,1,caffeine
ARFGAP1,1,1,caffeine
ARFGEF1,1,1,caffeine
ARFGEF2,1,1,caffeine
ARFIP2,1,1,caffeine
ARGLU1,1,1,caffeine
ARHGAP1,1,1,caffeine
ARHGAP12,1,1,caffeine
ARHGAP17,1,1,caffeine
ARHGAP26,1,1,caffeine
ARHGAP29,1,1,caffeine
ARHGAP35,1,1,caffeine
ARHGAP39,1,1,caffeine
ARHGAP45,1,1,caffeine
ARHGAP5,1,1,caffeine
ARHGDIA,1,1,caffeine
ARHGEF1,1,1,caffeine
ARHGEF10L,1,1,caffeine
ARHGEF16,1,1,caffeine
ARHGEF17,1,1,caffeine
ARHGEF26,1,1,caffeine
ARHGEF28,1,1,caffeine
ARHGEF5,1,1,caffeine
ARHGEF6,1,1,caffeine
ARID2,1,1,caffeine
ARID4B,1,1,caffeine
ARID5A,1,1,caffeine
ARL6IP1,1,1,caffeine
ARMC1,1,1,caffeine
ARPC1B,1,1,caffeine
ARRB1,1,1,caffeine
ASAP1,1,1,caffeine
ASAP2,1,1,caffeine
ASMTL,1,1,caffeine
ASNS,1,1,caffeine
ASPSCR1,1,1,caffeine
ASXL1,1,1,caffeine
ATAD2,1,1,caffeine
ATAD2B,1,1,caffeine
ATE1,1,1,caffeine
ATF7,1,1,caffeine
ATG2B,1,1,caffeine
ATG7,1,1,caffeine
ATIC,1,1,caffeine
ATL2,1,1,caffeine
ATN1,1,1,caffeine
ATP13A3,1,1,caffeine
ATP1A3,1,1,caffeine
ATP1B3,1,1,caffeine
ATP2A1L,1,1,caffeine
ATP2B1,1,1,caffeine
ATP6V0A2,1,1,caffeine
ATP6V1A,1,1,Ginsenoside rb1
ATPAF1,1,1,caffeine
ATRN,1,1,caffeine
ATXN2,1,1,caffeine
ATXN2L,1,1,caffeine
ATXN7,1,1,caffeine
ATXN7L3,1,1,caffeine
AUP1,1,1,caffeine
AVEN,1,1,caffeine
BACH1,1,1,caffeine
BAG3,1,1,caffeine
BAG4,1,1,caffeine
BAIAP2L1,1,1,caffeine
BAIAP2L2,1,1,caffeine
BASP1,1,1,caffeine
BAZ1B,1,1,caffeine
BAZ2A,1,1,caffeine
BBC3,1,1,caffeine
BBX,1,1,caffeine
BCAM,1,1,caffeine
BCAR3,1,1,caffeine
BCAS3,1,1,caffeine
BCL2,1,1,caffeine
BCL2A,1,1,caffeine
BCL3,1,1,caffeine
BCL7B,1,1,caffeine
BCL9,1,1,caffeine
BCL9L,1,1,caffeine
BCLAF1,1,1,caffeine
BCORL1,1,1,caffeine
BECN1,1,1,caffeine
BEND3,1,1,caffeine
BGLAP,1,1,caffeine
BICD2,1,1,caffeine
BID,1,1,caffeine
BIRC6,1,1,caffeine
BLM,1,1,caffeine
BLTP2,1,1,caffeine
BLTP3A,1,1,caffeine
BMP2,1,1,Ginsenoside rb1
BMP2K,1,1,caffeine
BNIP2,1,1,caffeine
BNIP3L,1,1,caffeine
BOLA1,1,1,caffeine
BOP1,1,1,caffeine
BORCS6,1,1,caffeine
BORCS7,1,1,caffeine
BPTF,1,1,caffeine
BRAP,1,1,caffeine
BRCA1,1,1,caffeine
BRCA2,1,1,caffeine
BRD1,1,1,caffeine
BRD2,1,1,caffeine
BRD7,1,1,caffeine
BRD8,1,1,caffeine
BRF1,1,1,caffeine
BRIP1,1,1,caffeine
BRME1,1,1,caffeine
BRPF3,1,1,caffeine
BRWD1,1,1,caffeine
BSG,1,1,caffeine
BTAF1,1,1,caffeine
BUD13,1,1,caffeine
C15ORF39,1,1,caffeine
C17ORF100,1,1,caffeine
C1ORF174,1,1,caffeine
C1ORF226,1,1,caffeine
C1QBP,1,1,caffeine
C8ORF33,1,1,caffeine
C9ORF78,1,1,caffeine
CABLES1,1,1,caffeine
CACNA2D2,1,1,caffeine
CALR,1,1,caffeine
CAMK2D,1,1,caffeine
CAMK2G,1,1,caffeine
CAMK2N1,1,1,caffeine
CAMKII,1,1,Ginsenoside rb1
CAMKK2,1,1,caffeine
CAMSAP3,1,1,caffeine
CAMTA2,1,1,caffeine
CAPN2,1,1,caffeine
CARD9,1,1,caffeine
CARMIL2,1,1,caffeine
CASP1,1,1,Ginsenoside rb1
CAST,1,1,caffeine
CAVIN4A,1,1,caffeine
CBARP,1,1,caffeine
CBLB,1,1,caffeine
CBX1,1,1,caffeine
CBX6,1,1,caffeine
CBX8,1,1,caffeine
CCDC117,1,1,caffeine
CCDC120,1,1,caffeine
CCDC138,1,1,caffeine
CCDC174,1,1,caffeine
CCDC61,1,1,caffeine
CCDC85C,1,1,caffeine
CCDC88C,1,1,caffeine
CCDC9,1,1,caffeine
CCNE1,1,1,caffeine
CCNH,1,1,caffeine
CCNK,1,1,caffeine
CCNL1,1,1,caffeine
CCNT2,1,1,caffeine
CCNY,1,1,caffeine
CCNYL1,1,1,caffeine
CCT3,1,1,caffeine
CCT4,1,1,caffeine
CCT6A,1,1,caffeine
CCT8,1,1,caffeine
CCZ1,1,1,caffeine
CD2BP2,1,1,caffeine
CD59,1,1,caffeine
CD74,1,1,caffeine
CD99,1,1,caffeine
CDC16,1,1,caffeine
CDC37L1,1,1,caffeine
CDC42EP1,1,1,caffeine
CDC42EP4,1,1,caffeine
CDC5L,1,1,caffeine
CDC6,1,1,caffeine
CDCA2,1,1,caffeine
CDCA5,1,1,caffeine
CDK11B,1,1,caffeine
CDK12,1,1,caffeine
CDK13,1,1,caffeine
CDK18,1,1,caffeine
CDK6,1,1,caffeine
CDKN2AIP,1,1,caffeine
CDR2,1,1,caffeine
CDT1,1,1,caffeine
CDV3,1,1,caffeine
CDX4,1,1,caffeine
CELF3A,1,1,Ethanolamine
CENPB,1,1,caffeine
CENPF,1,1,caffeine
CENPU,1,1,caffeine
CENPV,1,1,caffeine
CEP164,1,1,caffeine
CEP170,1,1,caffeine
CEP250,1,1,caffeine
CEP350,1,1,caffeine
CEP68,1,1,caffeine
CEP78,1,1,caffeine
CERS4,1,1,caffeine
CERT1,1,1,caffeine
CETN3,1,1,caffeine
CFAP410,1,1,caffeine
CFAP54,1,1,caffeine
CFAP97,1,1,caffeine
CFD,1,1,caffeine
CFL1,1,1,caffeine
CGN,1,1,caffeine
CHAF1B,1,1,caffeine
CHAMP1,1,1,caffeine
CHD1,1,1,caffeine
CHD4,1,1,caffeine
CHD7,1,1,caffeine
CHD8,1,1,caffeine
CHERP,1,1,caffeine
CHMP5,1,1,caffeine
CHMP6,1,1,caffeine
CHTF18,1,1,caffeine
CIAPIN1,1,1,caffeine
CKMA,1,1,caffeine
CLASP2,1,1,caffeine
CLCC1,1,1,caffeine
CLCN7,1,1,Ginsenoside rb1
CLDN23,1,1,caffeine
CLINT1,1,1,caffeine
CLN3,1,1,caffeine
CLOCK,1,1,caffeine
CLSTN1,1,1,caffeine
CMIP,1,1,caffeine
CMTM4,1,1,caffeine
CNDP2,1,1,caffeine
CNKSR1,1,1,caffeine
CNN2,1,1,caffeine
CNNM2,1,1,caffeine
CNOT2,1,1,caffeine
COBLL1,1,1,caffeine
COIL,1,1,caffeine
COL2A1,1,1,caffeine
COPG1,1,1,caffeine
COPS3,1,1,caffeine
COQ8A,1,1,caffeine
COX7C,1,1,caffeine
CPEB2,1,1,caffeine
CPSF2,1,1,caffeine
CPSF3,1,1,caffeine
CPSF7,1,1,caffeine
CREB3L2,1,1,caffeine
CREM,1,1,caffeine
CRIPT,1,1,caffeine
CRK,1,1,caffeine
CRYBG3,1,1,caffeine
CRYGMX,1,1,caffeine
CSK,1,1,caffeine
CSNK1D,1,1,caffeine
CSNK2A2,1,1,caffeine
CSTF2,1,1,caffeine
CSTF3,1,1,caffeine
CTCF,1,1,caffeine
CTDP1,1,1,caffeine
CTH,1,1,caffeine
CTNNA1,1,1,caffeine
CTNNAL1,1,1,caffeine
CTNNBIP1,1,1,caffeine
CTNND1,1,1,caffeine
CTPS1,1,1,caffeine
CTPS2,1,1,caffeine
CUEDC2,1,1,caffeine
CUL4A,1,1,caffeine
CUX1,1,1,caffeine
CWC25,1,1,caffeine
CWF19L2,1,1,caffeine
CX3CL1,1,1,caffeine
CXCL16,1,1,caffeine
CYB5B,1,1,caffeine
CYFIP1,1,1,caffeine
CYP11B2,1,1,caffeine
CYP19A1,1,1,caffeine
CYP19A1B,1,1,caffeine
CYP1A,1,1,caffeine
CYP21A1,1,1,caffeine
CYP2A4,1,1,caffeine
CYP4AE1,1,1,caffeine
CYP4D14,1,1,caffeine
CYP4E2,1,1,caffeine
CYP6A2,1,1,caffeine
CYP6A21,1,1,caffeine
CYP6A8,1,1,caffeine
CYP6D4,1,1,caffeine
CYP6D5,1,1,caffeine
CYP6G1,1,1,caffeine
CYP6W1,1,1,caffeine
CYP7B1,1,1,caffeine
DAAM1,1,1,caffeine
DAB2IP,1,1,caffeine
DAGLB,1,1,caffeine
DALRD3,1,1,caffeine
DAZAP1,1,1,caffeine
DBF4,1,1,caffeine
DBNL,1,1,caffeine
DCAF1,1,1,caffeine
DCAF10,1,1,caffeine
DCAF12,1,1,caffeine
DCAF15,1,1,caffeine
DCAF5,1,1,caffeine
DCAF6,1,1,caffeine
DCBLD1,1,1,caffeine
DCBLD2,1,1,caffeine
DCDC2,1,1,caffeine
DCLRE1A,1,1,caffeine
DCP1A,1,1,caffeine
DCP1B,1,1,caffeine
DCTN2,1,1,caffeine
DCTN4,1,1,caffeine
DCTPP1,1,1,caffeine
DCXR,1,1,caffeine
DDHD1,1,1,caffeine
DDI2,1,1,caffeine
DDRGK1,1,1,caffeine
DDX17,1,1,caffeine
DDX18,1,1,caffeine
DDX19A,1,1,caffeine
DDX20,1,1,caffeine
DDX21,1,1,caffeine
DDX24,1,1,caffeine
DDX31,1,1,caffeine
DDX39B,1,1,caffeine
DDX41,1,1,caffeine
DDX42,1,1,caffeine
DDX46,1,1,caffeine
DDX47,1,1,caffeine
DDX51,1,1,caffeine
DDX54,1,1,caffeine
DDX55,1,1,caffeine
DDX59,1,1,caffeine
DEAF1,1,1,caffeine
DEK,1,1,caffeine
DENND1A,1,1,caffeine
DENND2B,1,1,caffeine
DENND4A,1,1,caffeine
DENND4C,1,1,caffeine
DENND5B,1,1,caffeine
DENND6A,1,1,caffeine
DEPDC5,1,1,caffeine
DGAT1,1,1,caffeine
DGCR8,1,1,caffeine
DGKK,1,1,caffeine
DGKZ,1,1,caffeine
DHX16,1,1,caffeine
DHX29,1,1,caffeine
DHX30,1,1,caffeine
DHX36,1,1,caffeine
DIAPH3,1,1,caffeine
DICER1,1,1,caffeine
DIDO1,1,1,caffeine
DIP2A,1,1,caffeine
DIP2B,1,1,caffeine
DIS3L2,1,1,caffeine
DLC1,1,1,caffeine
DLG5,1,1,caffeine
DLGAP4,1,1,caffeine
DLGAP5,1,1,caffeine
DMAP1,1,1,caffeine
DMXL2,1,1,caffeine
DNAJB13,1,1,caffeine
DNAJB6,1,1,caffeine
DNAJB9,1,1,caffeine
DNAJC12,1,1,caffeine
DNAJC16,1,1,caffeine
DNAJC2,1,1,caffeine
DNAJC5,1,1,caffeine
DNMBP,1,1,caffeine
DNTTIP2,1,1,caffeine
DOCK4,1,1,caffeine
DOCK5,1,1,caffeine
DOCK7,1,1,caffeine
DOK4,1,1,caffeine
DONSON,1,1,caffeine
DOP1A,1,1,caffeine
DOP1B,1,1,caffeine
DOT1L,1,1,caffeine
DPF2,1,1,caffeine
DPM1,1,1,caffeine
DPP9,1,1,caffeine
DTD1,1,1,caffeine
DTL,1,1,caffeine
DTNBP1,1,1,caffeine
DTX3L,1,1,caffeine
DTX4,1,1,caffeine
DUS3L,1,1,caffeine
DUSP11,1,1,caffeine
DUSP9,1,1,caffeine
DVL3,1,1,caffeine
DYNC1I2,1,1,caffeine
DYNC1LI1,1,1,caffeine
DYNC1LI2,1,1,caffeine
DZIP3,1,1,caffeine
E2F1,1,1,caffeine
E2F8,1,1,caffeine
EAF2,1,1,caffeine
EBP,1,1,caffeine
ECD,1,1,caffeine
ECE2,1,1,caffeine
ECI1,1,1,caffeine
ECI2,1,1,caffeine
ECM1,1,1,caffeine
EDC4,1,1,caffeine
EDN1,1,1,caffeine
EEA1,1,1,caffeine
EEF1AKMT1,1,1,caffeine
EEF1G,1,1,caffeine
EEF2K,1,1,caffeine
EFEMP2A,1,1,caffeine
EFNB3,1,1,caffeine
EFR3A,1,1,caffeine
EGF,1,1,Ethanolamine
EGFL7,1,1,caffeine
EHBP1,1,1,caffeine
EHBP1L1,1,1,caffeine
EHD2,1,1,caffeine
EI24,1,1,caffeine
EIF1B,1,1,caffeine
EIF2AK1,1,1,caffeine
EIF2AK4,1,1,caffeine
EIF2S2,1,1,caffeine
EIF3B,1,1,caffeine
EIF3F,1,1,caffeine
EIF3H,1,1,caffeine
EIF3K,1,1,caffeine
EIF3M,1,1,caffeine
EIF4EBP2,1,1,caffeine
EIF4ENIF1,1,1,caffeine
EIF4G1,1,1,caffeine
EIF4H,1,1,caffeine
EIF5A,1,1,caffeine
EIF5B,1,1,caffeine
EIF6,1,1,caffeine
EIPR1,1,1,caffeine
ELF1,1,1,caffeine
ELF4,1,1,caffeine
ELL,1,1,caffeine
ELL2,1,1,caffeine
ELOA,1,1,caffeine
ELP3,1,1,caffeine
EMC6,1,1,caffeine
EMD,1,1,caffeine
EMG1,1,1,caffeine
EML4,1,1,caffeine
ENPP1,1,1,caffeine
EP300,1,1,caffeine
EP400,1,1,caffeine
EPB41,1,1,caffeine
EPB41L2,1,1,caffeine
EPB41L4B,1,1,caffeine
EPC1,1,1,caffeine
EPD,1,1,caffeine
EPHA2,1,1,caffeine
EPRS1,1,1,caffeine
EPS8L3,1,1,caffeine
EPYC,1,1,caffeine
ERBB3,1,1,caffeine
ERBIN,1,1,caffeine
ERC1,1,1,caffeine
ERCC4,1,1,caffeine
ERCC6,1,1,caffeine
ERCC6L,1,1,caffeine
ERN1,1,1,caffeine
ERP44,1,1,caffeine
ES2,1,1,caffeine
ESCO2,1,1,caffeine
ESD,1,1,caffeine
ESF1,1,1,caffeine
ESPN,1,1,caffeine
ESRRA,1,1,caffeine
ESS2,1,1,caffeine
ETFA,1,1,caffeine
ETV4,1,1,caffeine
ETV6,1,1,caffeine
EVA1A,1,1,caffeine
EXOC1,1,1,caffeine
EXOC4,1,1,caffeine
EXOC7,1,1,caffeine
EYA2,1,1,caffeine
F11R,1,1,caffeine
FADD,1,1,caffeine
FAM107B,1,1,caffeine
FAM117A,1,1,caffeine
FAM117B,1,1,caffeine
FAM120A,1,1,caffeine
FAM168A,1,1,caffeine
FAM168B,1,1,caffeine
FAM169A,1,1,caffeine
FAM177A1,1,1,caffeine
FAM184A,1,1,caffeine
FAM193A,1,1,caffeine
FAM219B,1,1,caffeine
FAM53C,1,1,caffeine
FAM76A,1,1,caffeine
FAM76B,1,1,caffeine
FAM83G,1,1,caffeine
FAM83H,1,1,caffeine
FAM8A1,1,1,caffeine
FANCE,1,1,caffeine
FANCI,1,1,caffeine
FANCM,1,1,caffeine
FARP1,1,1,caffeine
FASTKD2,1,1,caffeine
FBH1,1,1,caffeine
FBLN2,1,1,caffeine
FBRS,1,1,caffeine
FBXL12,1,1,caffeine
FBXL13,1,1,caffeine
FBXL19,1,1,caffeine
FBXL20,1,1,caffeine
FBXO11,1,1,caffeine
FBXO5,1,1,caffeine
FBXW11,1,1,caffeine
FCHO2,1,1,caffeine
FCRL3,1,1,caffeine
FCSK,1,1,caffeine
FERMT2,1,1,caffeine
FGD6,1,1,caffeine
FGF1,1,1,Ethanolamine
FGF17,1,1,caffeine
FHIP1B,1,1,caffeine
FHIP2B,1,1,caffeine
FILIP1L,1,1,caffeine
FIP1L1,1,1,caffeine
FKBP15,1,1,caffeine
FKBP3,1,1,caffeine
FLYWCH1,1,1,caffeine
FLYWCH2,1,1,caffeine
FMNL2,1,1,caffeine
FNBP4,1,1,caffeine
FNDC3A,1,1,caffeine
FNIP1,1,1,caffeine
FNIP2,1,1,caffeine
FOXJ2,1,1,caffeine
FOXO3,1,1,caffeine
FOXP4,1,1,caffeine
FRA10AC1,1,1,caffeine
FRAS1,1,1,caffeine
FRK,1,1,caffeine
FRMD6,1,1,caffeine
FRMD8,1,1,caffeine
FRMPD3,1,1,caffeine
FRY,1,1,caffeine
FRYL,1,1,caffeine
FTSJ1,1,1,caffeine
FTSJ3,1,1,caffeine
FUBP1,1,1,caffeine
FUBP3,1,1,caffeine
FXR1,1,1,caffeine
FXR2,1,1,caffeine
FXYD1,1,1,caffeine
FXYD3,1,1,caffeine
FYTTD1,1,1,caffeine
FZD5,1,1,caffeine
FZD6,1,1,caffeine
G3BP1,1,1,caffeine
G3BP2,1,1,caffeine
GAB2,1,1,caffeine
GANAB,1,1,caffeine
GAPVD1,1,1,caffeine
GAREM1,1,1,caffeine
GARNL3,1,1,caffeine
GARRE1,1,1,caffeine
GAS2L1,1,1,caffeine
GASK1B,1,1,caffeine
GATAD2A,1,1,caffeine
GATAD2B,1,1,caffeine
GBF1,1,1,caffeine
GCFC2,1,1,caffeine
GCH2,1,1,caffeine
GDA,1,1,caffeine
GDI2,1,1,caffeine
GEMIN5,1,1,caffeine
GEMIN6,1,1,caffeine
GGNBP2,1,1,caffeine
GGT7,1,1,caffeine
GHITM,1,1,caffeine
GIGYF2,1,1,caffeine
GINS2,1,1,caffeine
GIT2,1,1,caffeine
GJA5,1,1,caffeine
GLCCI1,1,1,caffeine
GLP1R,1,1,forskolin
GLRX,1,1,caffeine
GLT8D1,1,1,caffeine
GMPS,1,1,caffeine
GNAI2,1,1,caffeine
GNAL,1,1,caffeine
GNB1,1,1,caffeine
GNL1,1,1,caffeine
GNPAT,1,1,caffeine
GOLGA2,1,1,caffeine
GOLGA3,1,1,caffeine
GON4L,1,1,caffeine
GOPC,1,1,caffeine
GOSR1,1,1,caffeine
GPATCH2,1,1,caffeine
GPATCH2L,1,1,caffeine
GPBAR1,1,1,forskolin
GPBP1,1,1,caffeine
GPBP1L1,1,1,caffeine
GPC3,1,1,caffeine
GPX4,1,1,caffeine
GRAMD2B,1,1,caffeine
GRB7,1,1,caffeine
GRHL1,1,1,caffeine
GRID2,1,1,caffeine
GRIN2B,1,1,caffeine
GRK6,1,1,caffeine
GRPR,1,1,caffeine
GRWD1,1,1,caffeine
GSDMD,1,1,Ginsenoside rb1
GSDME,1,1,caffeine
GSE1,1,1,caffeine
GSTD7,1,1,caffeine
GSTM6,1,1,caffeine
GSTO1,1,1,caffeine
GSTP1,1,1,caffeine
GTF2B,1,1,caffeine
GTF2I,1,1,caffeine
GTF2IRD1,1,1,caffeine
GTF3C2,1,1,caffeine
GTF3C5,1,1,caffeine
GTPBP1,1,1,caffeine
GZF1,1,1,caffeine
H1F0,1,1,caffeine
H2BC9,1,1,caffeine
H3C15,1,1,caffeine
HACD1,1,1,caffeine
HACE1,1,1,caffeine
HADHA,1,1,caffeine
HAUS6,1,1,caffeine
HAUS8,1,1,caffeine
HCFC1,1,1,caffeine
HEATR6,1,1,caffeine
HEBP2,1,1,caffeine
HELB,1,1,caffeine
HELZ,1,1,caffeine
HEPACAM,1,1,caffeine
HERC1,1,1,caffeine
HEXIM2,1,1,caffeine
HGS,1,1,caffeine
HHIPL2,1,1,caffeine
HIC2,1,1,caffeine
HIRA,1,1,caffeine
HJURP,1,1,caffeine
HMGA2,1,1,caffeine
HMGCRA,1,1,Ethanolamine
HMGXB4,1,1,caffeine
HNF1A,1,1,caffeine
HNF4A,1,1,forskolin
HNRNPA2B1,1,1,caffeine
HNRNPA3,1,1,caffeine
HNRNPDL,1,1,caffeine
HNRNPLL,1,1,caffeine
HNRNPR,1,1,caffeine
HNRNPUL2,1,1,caffeine
HOMER3,1,1,caffeine
HOOK3,1,1,caffeine
HPS4,1,1,caffeine
HRH2,1,1,maprotiline
HS1BP3,1,1,caffeine
HSD11B1,1,1,caffeine
HSF1,1,1,caffeine
HSP70L,1,1,caffeine
HSP90AA2P,1,1,caffeine
HSP90AB2P,1,1,caffeine
HSP90AB4P,1,1,caffeine
HSP90B1,1,1,caffeine
HSP90B2P,1,1,caffeine
HSPA4L,1,1,caffeine
HSPA9,1,1,caffeine
HSPB6,1,1,caffeine
HSPBP1,1,1,caffeine
HSPE1,1,1,caffeine
HSPH1,1,1,caffeine
HTATSF1,1,1,caffeine
HTR2B,1,1,maprotiline
HTR3A,1,1,caffeine
HTR6,1,1,maprotiline
HUWE1,1,1,caffeine
HYCC1,1,1,caffeine
IBTK,1,1,caffeine
ICE1,1,1,caffeine
ICE2,1,1,caffeine
IDI1,1,1,caffeine
IFITM2,1,1,caffeine
IFRD1,1,1,caffeine
IFT74,1,1,caffeine
IGF2BP1,1,1,caffeine
IGFBP1,1,1,caffeine
IKBKB,1,1,caffeine
IKZF4,1,1,caffeine
IL18,1,1,Ginsenoside rb1
IL1RL1,1,1,caffeine
IL22RA1,1,1,caffeine
IL3,1,1,caffeine
ILKAP,1,1,caffeine
INAVA,1,1,caffeine
INF2,1,1,caffeine
ING5,1,1,caffeine
INO80,1,1,caffeine
INO80B,1,1,caffeine
INO80C,1,1,caffeine
INO80D,1,1,caffeine
INPP5F,1,1,caffeine
INS1,1,1,caffeine
INTS1,1,1,caffeine
INTS12,1,1,caffeine
INTS13,1,1,caffeine
INTS3,1,1,caffeine
INTS7,1,1,caffeine
IQGAP2,1,1,caffeine
IQGAP3,1,1,caffeine
IQSEC1,1,1,caffeine
IRF2BP1,1,1,caffeine
IRF2BP2,1,1,caffeine
IRF2BPL,1,1,caffeine
IRX3,1,1,caffeine
ISLR2,1,1,caffeine
ISYNA1,1,1,caffeine
ITGB2,1,1,Ginsenoside rb1
ITM2B,1,1,caffeine
ITPRID2,1,1,caffeine
ITSN1,1,1,caffeine
ITSN2,1,1,caffeine
IVNS1ABP,1,1,caffeine
IWS1,1,1,caffeine
JADE2,1,1,caffeine
JADE3,1,1,caffeine
JHEH1,1,1,caffeine
JMJD1C,1,1,caffeine
JMY,1,1,caffeine
JOSD1,1,1,caffeine
JRK,1,1,caffeine
KALRN,1,1,caffeine
KANK1,1,1,caffeine
KANK2,1,1,caffeine
KANSL1,1,1,caffeine
KAT6A,1,1,caffeine
KAT6B,1,1,caffeine
KAT7,1,1,caffeine
KAT8,1,1,caffeine
KATNA1,1,1,caffeine
KATNIP,1,1,caffeine
KAZN,1,1,caffeine
KBTBD7,1,1,caffeine
KCMF1,1,1,caffeine
KCNAB2,1,1,caffeine
KCNE1,1,1,Ginsenoside rb1
KCNMB1,1,1,forskolin
KCNMB2,1,1,forskolin
KCNMB3,1,1,forskolin
KCNMB4,1,1,forskolin
KCTD14,1,1,caffeine
KCTD3,1,1,caffeine
KDM2A,1,1,caffeine
KDM2B,1,1,caffeine
KDM3A,1,1,caffeine
KDM3B,1,1,caffeine
KDM4A,1,1,caffeine
KDM4C,1,1,caffeine
KDM5C,1,1,caffeine
KGD4,1,1,caffeine
KHDC4,1,1,caffeine
KHDRBS1,1,1,caffeine
KIAA0232,1,1,caffeine
KIAA0319L,1,1,caffeine
KIAA0586,1,1,caffeine
KIAA0753,1,1,caffeine
KIAA0930,1,1,caffeine
KIAA1143,1,1,caffeine
KIAA1217,1,1,caffeine
KIAA1328,1,1,caffeine
KIAA1671,1,1,caffeine
KIF13A,1,1,caffeine
KIF15,1,1,caffeine
KIF16B,1,1,caffeine
KIF18A,1,1,caffeine
KIF18B,1,1,caffeine
KIF1B,1,1,caffeine
KIF20A,1,1,caffeine
KIF20B,1,1,caffeine
KIF21A,1,1,caffeine
KIF23,1,1,caffeine
KIF2C,1,1,caffeine
KIF3B,1,1,caffeine
KIF4A,1,1,caffeine
KIFBP,1,1,caffeine
KIN,1,1,caffeine
KIZ,1,1,caffeine
KLC2,1,1,caffeine
KLC4,1,1,caffeine
KLF16,1,1,caffeine
KLF3,1,1,caffeine
KLHDC4,1,1,caffeine
KLHL14,1,1,caffeine
KLHL22,1,1,caffeine
KLHL32,1,1,caffeine
KLHL9,1,1,caffeine
KMT2A,1,1,caffeine
KMT2B,1,1,caffeine
KMT2C,1,1,caffeine
KMT2D,1,1,caffeine
KNL1,1,1,caffeine
KNOP1,1,1,caffeine
KNTC1,1,1,caffeine
KPNA6,1,1,caffeine
KRABD3,1,1,caffeine
KRT36,1,1,caffeine
KSR1,1,1,caffeine
KTI12,1,1,caffeine
LAMP1,1,1,Ginsenoside rb1
LAMTOR1,1,1,caffeine
LARP1,1,1,caffeine
LARP1B,1,1,caffeine
LARP4,1,1,caffeine
LARP4B,1,1,caffeine
LARP7,1,1,caffeine
LARS1,1,1,caffeine
LAS1L,1,1,caffeine
LATS1,1,1,caffeine
LATS2,1,1,caffeine
LCOR,1,1,caffeine
LEMD2,1,1,caffeine
LEMD3,1,1,caffeine
LENG1,1,1,caffeine
LEO1,1,1,caffeine
LGALSL,1,1,caffeine
LGR5,1,1,caffeine
LIMA1,1,1,caffeine
LIMD1,1,1,caffeine
LIME1,1,1,caffeine
LIN28B,1,1,caffeine
LIN54,1,1,caffeine
LIN7B,1,1,caffeine
LIN9,1,1,caffeine
LINC00308,1,1,caffeine
LMNB2,1,1,caffeine
LMTK2,1,1,caffeine
LOC124903407,1,1,forskolin
LONP2,1,1,caffeine
LPAR2,1,1,caffeine
LPIN1,1,1,caffeine
LPIN2,1,1,caffeine
LPIN3,1,1,caffeine
LRCH1,1,1,caffeine
LRIF1,1,1,caffeine
LRRC41,1,1,caffeine
LRRC45,1,1,caffeine
LRRC47,1,1,caffeine
LRRC8A,1,1,caffeine
LRRFIP1,1,1,caffeine
LRRFIP2,1,1,caffeine
LRRN1,1,1,caffeine
LRSAM1,1,1,caffeine
LRWD1,1,1,caffeine
LSG1,1,1,caffeine
LSM12,1,1,caffeine
LSM14A,1,1,caffeine
LSM14B,1,1,caffeine
LSR,1,1,caffeine
LTV1,1,1,caffeine
LUC7L,1,1,caffeine
LUC7L2,1,1,caffeine
LUC7L3,1,1,caffeine
LUZP1,1,1,caffeine
LYSMD2,1,1,caffeine
LYSMD3,1,1,caffeine
LZTS2,1,1,caffeine
MACF1,1,1,caffeine
MACO1,1,1,caffeine
MACROH2A1,1,1,caffeine
MAEL,1,1,caffeine
MAF1,1,1,caffeine
MAFF,1,1,caffeine
MAFK,1,1,caffeine
MAGED2,1,1,caffeine
MAGED4,1,1,caffeine
MAGI1,1,1,caffeine
MAGI2,1,1,caffeine
MAGI3,1,1,caffeine
MAL2,1,1,caffeine
MALT1,1,1,caffeine
MAML1,1,1,caffeine
MAML2,1,1,caffeine
MAN2A1,1,1,caffeine
MAOA,1,1,caffeine
MAP1B,1,1,caffeine
MAP1S,1,1,caffeine
MAP2,1,1,Ginsenoside rb1
MAP2K2,1,1,caffeine
MAP2K4,1,1,caffeine
MAP3K1,1,1,caffeine
MAP3K11,1,1,caffeine
MAP3K12,1,1,caffeine
MAP3K2,1,1,caffeine
MAP3K20,1,1,caffeine
MAP3K3,1,1,caffeine
MAP3K4,1,1,caffeine
MAP3K9,1,1,caffeine
MAP4,1,1,caffeine
MAP4K2,1,1,caffeine
MAP4K4,1,1,caffeine
MAP4K5,1,1,caffeine
MAP7D1,1,1,caffeine
MAP7D2,1,1,caffeine
MAP9,1,1,caffeine
MAPK1IP1L,1,1,caffeine
MAPK4,1,1,forskolin
MAPK6,1,1,forskolin
MAPK8IP3,1,1,caffeine
MAPK9,1,1,caffeine
MAPKAP1,1,1,caffeine
MAPKAPK3,1,1,caffeine
MAPRE1,1,1,caffeine
MAPRE2,1,1,caffeine
MARCHF11,1,1,caffeine
MARCKSL1,1,1,caffeine
MARF1,1,1,caffeine
MARK3,1,1,caffeine
MARK4,1,1,caffeine
MARVELD2,1,1,caffeine
MAST2,1,1,caffeine
MAST3,1,1,caffeine
MAST4,1,1,caffeine
MASTL,1,1,caffeine
MATR3,1,1,caffeine
MAVS,1,1,caffeine
MB21D2,1,1,caffeine
MBD1,1,1,caffeine
MBD2,1,1,caffeine
MBD4,1,1,caffeine
MBD5,1,1,caffeine
MBD6,1,1,caffeine
MBIP,1,1,caffeine
MC2R,1,1,caffeine
MCC,1,1,caffeine
MCCC1,1,1,caffeine
MCL1,1,1,caffeine
MCM10,1,1,caffeine
MCM2,1,1,caffeine
MCM3,1,1,caffeine
MCM4,1,1,caffeine
MCM6,1,1,caffeine
MCM8,1,1,caffeine
MCM9,1,1,caffeine
MCMBP,1,1,caffeine
MCPH1,1,1,caffeine
MCRIP2,1,1,caffeine
MCRS1,1,1,caffeine
MCTP2,1,1,caffeine
MDC1,1,1,caffeine
MDH2,1,1,caffeine
MDM2,1,1,caffeine
MDN1,1,1,caffeine
MED1,1,1,caffeine
MED12,1,1,caffeine
MED13,1,1,caffeine
MED13L,1,1,caffeine
MED15,1,1,caffeine
MED17,1,1,caffeine
MED19,1,1,caffeine
MED24,1,1,caffeine
MED26,1,1,caffeine
MEF2A,1,1,caffeine
MEF2C,1,1,caffeine
MEIS2,1,1,caffeine
MELK,1,1,caffeine
MEN1,1,1,caffeine
MEPCE,1,1,caffeine
MERTK,1,1,caffeine
MET,1,1,caffeine
METTL1,1,1,caffeine
METTL21A,1,1,caffeine
METTL22,1,1,caffeine
METTL25,1,1,caffeine
METTL2B,1,1,caffeine
METTL3,1,1,caffeine
MEX3C,1,1,caffeine
MEX3D,1,1,caffeine
MFAP1,1,1,caffeine
MFF,1,1,caffeine
MFHAS1,1,1,caffeine
MFN1,1,1,caffeine
MFN2,1,1,caffeine
MFSD6,1,1,caffeine
MGA,1,1,caffeine
MGME1,1,1,caffeine
MGRN1,1,1,caffeine
MGST1,1,1,caffeine
MIA2,1,1,caffeine
MIA3,1,1,caffeine
MICA,1,1,caffeine
MICAL1,1,1,caffeine
MICALL1,1,1,caffeine
MICALL2,1,1,caffeine
MICB,1,1,caffeine
MIDEAS,1,1,caffeine
MIER1,1,1,caffeine
MIER2,1,1,caffeine
MIF,1,1,caffeine
MIGA2,1,1,caffeine
MIIP,1,1,caffeine
MINDY1,1,1,caffeine
MINDY2,1,1,caffeine
MINK1,1,1,caffeine
MIPB,1,1,caffeine
MIR101A,1,1,caffeine
MIR122,1,1,caffeine
MIR192,1,1,caffeine
MIR421,1,1,caffeine
MIS18BP1,1,1,caffeine
MISP,1,1,caffeine
MLF2,1,1,caffeine
MLLT3,1,1,caffeine
MLLT6,1,1,caffeine
MMAA,1,1,caffeine
MMGT1,1,1,caffeine
MMP15,1,1,caffeine
MMP7,1,1,caffeine
MNDA,1,1,caffeine
MOCOS,1,1,caffeine
MOGAT1,1,1,caffeine
MON1A,1,1,caffeine
MON1B,1,1,caffeine
MON2,1,1,caffeine
MORC2,1,1,caffeine
MORC3,1,1,caffeine
MOS,1,1,caffeine
MOV10,1,1,caffeine
MPG,1,1,caffeine
MPHOSPH8,1,1,caffeine
MPHOSPH9,1,1,caffeine
MPLKIP,1,1,caffeine
MPRIP,1,1,caffeine
MPZL1,1,1,caffeine
MRE11,1,1,caffeine
MRGBP,1,1,caffeine
MRM3,1,1,caffeine
MRNIP,1,1,caffeine
MRPL19,1,1,caffeine
MRPL20,1,1,caffeine
MRPL4,1,1,caffeine
MRPL9,1,1,caffeine
MRPS17,1,1,caffeine
MRPS5,1,1,caffeine
MRTFA,1,1,caffeine
MRTFB,1,1,caffeine
MSANTD3,1,1,caffeine
MSH2,1,1,caffeine
MSL1,1,1,caffeine
MSL3,1,1,caffeine
MSRB3,1,1,caffeine
MSTO1,1,1,caffeine
MT1G,1,1,caffeine
MT2,1,1,caffeine
MTA1,1,1,caffeine
MTA2,1,1,caffeine
MTA3,1,1,caffeine
MTBP,1,1,caffeine
MTCH1,1,1,caffeine
MTCL1,1,1,caffeine
MTCL2,1,1,caffeine
MTDH,1,1,caffeine
MTF2,1,1,caffeine
MTFR1L,1,1,caffeine
MTFR2,1,1,caffeine
MTHFD1L,1,1,caffeine
MTHFD2L,1,1,caffeine
MTM1,1,1,caffeine
MTMR1,1,1,caffeine
MTMR10,1,1,caffeine
MTMR12,1,1,caffeine
MTMR14,1,1,caffeine
MTMR2,1,1,caffeine
MTMR3,1,1,caffeine
MTMR6,1,1,caffeine
MTNAP1,1,1,caffeine
MTSS1,1,1,caffeine
MTSS2,1,1,caffeine
MTUS1,1,1,caffeine
MTX1,1,1,caffeine
MUC16,1,1,caffeine
MUS81,1,1,caffeine
MUTYH,1,1,caffeine
MVB12A,1,1,caffeine
MVB12B,1,1,caffeine
MVD,1,1,caffeine
MVK,1,1,caffeine
MXRA7,1,1,caffeine
MYBBP1A,1,1,caffeine
MYBL2,1,1,caffeine
MYBPC3,1,1,caffeine
MYCBP2,1,1,caffeine
MYH10,1,1,caffeine
MYH7,1,1,caffeine
MYH9,1,1,caffeine
MYL6B,1,1,caffeine
MYLK,1,1,caffeine
MYLPFB,1,1,caffeine
MYO15B,1,1,caffeine
MYO18A,1,1,caffeine
MYO19,1,1,caffeine
MYO1C,1,1,caffeine
MYO1E,1,1,caffeine
MYO5A,1,1,caffeine
MYO5B,1,1,caffeine
MYO6,1,1,caffeine
MYO7A,1,1,caffeine
MYO9A,1,1,caffeine
MYOF,1,1,caffeine
N4BP1,1,1,caffeine
NAA10,1,1,caffeine
NAA30,1,1,caffeine
NAB1,1,1,caffeine
NAB2,1,1,caffeine
NADK,1,1,caffeine
NADK2,1,1,caffeine
NAF1,1,1,caffeine
NAP1L1,1,1,caffeine
NAPG,1,1,caffeine
NASP,1,1,caffeine
NAV2,1,1,caffeine
NBEAL1,1,1,caffeine
NBEAL2,1,1,caffeine
NBN,1,1,caffeine
NCAPD2,1,1,caffeine
NCAPD3,1,1,caffeine
NCAPG,1,1,caffeine
NCAPH,1,1,caffeine
NCBP3,1,1,caffeine
NCDN,1,1,caffeine
NCK1,1,1,caffeine
NCKIPSD,1,1,caffeine
NCOA2,1,1,caffeine
NCOA3,1,1,caffeine
NCOA5,1,1,caffeine
NCOA7,1,1,caffeine
NCOR1,1,1,caffeine
NCOR2,1,1,caffeine
NCR3LG1,1,1,caffeine
NDC1,1,1,caffeine
NDC80,1,1,caffeine
NDE1,1,1,caffeine
NDEL1,1,1,caffeine
NDRG1,1,1,caffeine
NDRG2,1,1,caffeine
NDRG3,1,1,caffeine
NDUFB5,1,1,caffeine
NDUFS4,1,1,caffeine
NEB,1,1,caffeine
NECAP2,1,1,caffeine
NECTIN2,1,1,caffeine
NECTIN3,1,1,caffeine
NEDD1,1,1,caffeine
NEDD4L,1,1,caffeine
NEDD9,1,1,caffeine
NEFH,1,1,caffeine
NEIL2,1,1,caffeine
NEK1,1,1,caffeine
NEK3,1,1,caffeine
NEK4,1,1,caffeine
NEK6,1,1,caffeine
NEK9,1,1,caffeine
NELFA,1,1,caffeine
NELFE,1,1,caffeine
NEMF,1,1,caffeine
NES,1,1,caffeine
NET,1,1,maprotiline
NEU3,1,1,caffeine
NEUROG2,1,1,caffeine
NF1,1,1,caffeine
NFAT5,1,1,caffeine
NFATC1,1,1,Ginsenoside rb1
NFATC2,1,1,caffeine
NFATC2IP,1,1,caffeine
NFATC3,1,1,caffeine
NFIA,1,1,caffeine
NFIC,1,1,caffeine
NFIX,1,1,caffeine
NFKB2,1,1,caffeine
NFKBIA,1,1,caffeine
NFKBIE,1,1,caffeine
NFKBIL1,1,1,caffeine
NFRKB,1,1,caffeine
NFX1,1,1,caffeine
NFYA,1,1,caffeine
NGDN,1,1,caffeine
NHEJ1,1,1,caffeine
NHERF1,1,1,caffeine
NHERF2,1,1,caffeine
NHSL1,1,1,caffeine
NHSL3,1,1,caffeine
NIBAN2,1,1,caffeine
NIFK,1,1,caffeine
NIN,1,1,caffeine
NIPBL,1,1,caffeine
NKD1,1,1,caffeine
NKRF,1,1,caffeine
NKTR,1,1,caffeine
NLRP3,1,1,Ginsenoside rb1
NMBR,1,1,caffeine
NMD3,1,1,caffeine
NME2,1,1,caffeine
NMNAT1,1,1,caffeine
NMT1,1,1,caffeine
NOB1,1,1,caffeine
NOC2L,1,1,caffeine
NOC3L,1,1,caffeine
NOL12,1,1,caffeine
NOL3,1,1,caffeine
NOL4L,1,1,caffeine
NOL8,1,1,caffeine
NOLC1,1,1,caffeine
NOMO3,1,1,caffeine
NONO,1,1,caffeine
NOP2,1,1,caffeine
NOP53,1,1,caffeine
NOP56,1,1,caffeine
NOP58,1,1,caffeine
NOS1,1,1,caffeine
NOS1AP,1,1,caffeine
NOS3,1,1,caffeine
NOSIP,1,1,caffeine
NOTCH1,1,1,caffeine
NPAS2,1,1,caffeine
NPC1L1,1,1,caffeine
NPHP4,1,1,caffeine
NPHS2,1,1,caffeine
NPL,1,1,caffeine
NPM1,1,1,caffeine
NPM2,1,1,caffeine
NPPB,1,1,caffeine
NPSN,1,1,caffeine
NR0B1,1,1,forskolin
NR1H3,1,1,caffeine
NR2C2,1,1,caffeine
NR3C2,1,1,caffeine
NRBF2,1,1,caffeine
NRCAM,1,1,caffeine
NRF1,1,1,caffeine
NRIP1,1,1,caffeine
NRP1,1,1,caffeine
NSA2,1,1,caffeine
NSD2,1,1,caffeine
NSF,1,1,caffeine
NSFL1C,1,1,caffeine
NSRP1,1,1,caffeine
NSUN2,1,1,caffeine
NTRK2,1,1,caffeine
NUAK2,1,1,caffeine
NUBP1,1,1,caffeine
NUCB1,1,1,caffeine
NUCKS1,1,1,caffeine
NUDC,1,1,caffeine
NUFIP2,1,1,caffeine
NUMA1,1,1,caffeine
NUMB,1,1,caffeine
NUP133,1,1,caffeine
NUP153,1,1,caffeine
NUP188,1,1,caffeine
NUP205,1,1,caffeine
NUP210,1,1,caffeine
NUP214,1,1,caffeine
NUP35,1,1,caffeine
NUP50,1,1,caffeine
NUP58,1,1,caffeine
NUP62,1,1,caffeine
NUP93,1,1,caffeine
NUP98,1,1,caffeine
NUPR1,1,1,caffeine
NUSAP1,1,1,caffeine
NWD2,1,1,caffeine
NXF1,1,1,caffeine
OAT,1,1,caffeine
OBI1,1,1,caffeine
OCIAD1,1,1,caffeine
OCLN,1,1,caffeine
OFD1,1,1,caffeine
OGA,1,1,caffeine
OGFR,1,1,caffeine
OGG1,1,1,caffeine
OGT,1,1,caffeine
OIP5,1,1,caffeine
OLIG3,1,1,caffeine
OPTN,1,1,caffeine
OR4E1,1,1,caffeine
ORC1,1,1,caffeine
ORC6,1,1,caffeine
ORM1,1,1,caffeine
ORM2,1,1,caffeine
OSBP,1,1,caffeine
OSBPL10,1,1,caffeine
OSBPL11,1,1,caffeine
OSBPL3,1,1,caffeine
OSBPL8,1,1,caffeine
OSBPL9,1,1,caffeine
OSER1,1,1,caffeine
OSMR,1,1,caffeine
OSTF1,1,1,caffeine
OSTM1,1,1,caffeine
OTPA,1,1,caffeine
OTUB1,1,1,caffeine
OTUD4,1,1,caffeine
OTUD5,1,1,caffeine
OTUD7B,1,1,caffeine
OXR1,1,1,caffeine
OXSR1,1,1,caffeine
P2RX4,1,1,Ginsenoside rb1
P2RY8,1,1,caffeine
P3H3,1,1,caffeine
PA2G4,1,1,caffeine
PABIR1,1,1,caffeine
PABIR2,1,1,caffeine
PABPC1,1,1,caffeine
PACS1,1,1,caffeine
PACS2,1,1,caffeine
PACSIN2,1,1,caffeine
PACSIN3,1,1,caffeine
PAH,1,1,caffeine
PAIP1,1,1,caffeine
PAK1IP1,1,1,caffeine
PAK4,1,1,caffeine
PALB2,1,1,caffeine
PALM2AKAP2,1,1,caffeine
PALM3,1,1,caffeine
PALMD,1,1,caffeine
PAN2,1,1,caffeine
PAN3,1,1,caffeine
PANK2,1,1,caffeine
PANK4,1,1,caffeine
PAPOLA,1,1,caffeine
PAPOLG,1,1,caffeine
PARD3,1,1,caffeine
PARD6B,1,1,caffeine
PARG,1,1,caffeine
PARK,1,1,Ginsenoside rb1
PARN,1,1,caffeine
PARP12,1,1,caffeine
PARVG,1,1,caffeine
PASK,1,1,caffeine
PATJ,1,1,caffeine
PATZ1,1,1,caffeine
PAWR,1,1,caffeine
PAX3,1,1,caffeine
PAXBP1,1,1,caffeine
PBK,1,1,caffeine
PBRM1,1,1,caffeine
PBX2,1,1,caffeine
PCARE,1,1,caffeine
PCBP1,1,1,caffeine
PCBP2,1,1,caffeine
PCDHB12,1,1,caffeine
PCDHB5,1,1,caffeine
PCF11,1,1,caffeine
PCIF1,1,1,caffeine
PCK2,1,1,caffeine
PCLAF,1,1,caffeine
PCM1,1,1,caffeine
PCNA,1,1,caffeine
PCNP,1,1,caffeine
PCNT,1,1,caffeine
PCNX1,1,1,caffeine
PCNX3,1,1,caffeine
PCYT1A,1,1,caffeine
PCYT1B,1,1,caffeine
PCYT2,1,1,caffeine
PDAP1,1,1,caffeine
PDCD11,1,1,caffeine
PDCD4,1,1,caffeine
PDE11A,1,1,caffeine
PDE3B,1,1,caffeine
PDE8A,1,1,caffeine
PDHX,1,1,caffeine
PDIA4,1,1,caffeine
PDIA6,1,1,caffeine
PDLIM1,1,1,caffeine
PDLIM2,1,1,caffeine
PDLIM5,1,1,caffeine
PDLIM7,1,1,caffeine
PDPK1,1,1,caffeine
PDS5B,1,1,caffeine
PDXDC1,1,1,caffeine
PDZD8,1,1,caffeine
PEA15,1,1,caffeine
PEAK1,1,1,caffeine
PEBP1,1,1,caffeine
PECR,1,1,caffeine
PEG3,1,1,caffeine
PELP1,1,1,caffeine
PEX1,1,1,caffeine
PEX11A,1,1,Ethanolamine
PEX13,1,1,caffeine
PEX14,1,1,caffeine
PFDN1,1,1,caffeine
PFKFB2,1,1,caffeine
PFKFB3,1,1,caffeine
PFKM,1,1,caffeine
PFKMA,1,1,caffeine
PFKP,1,1,caffeine
PFN1,1,1,caffeine
PGAP2,1,1,caffeine
PGBD1,1,1,caffeine
PGBD3,1,1,caffeine
PGCKA1,1,1,caffeine
PGF,1,1,caffeine
PGK1,1,1,caffeine
PGK2,1,1,caffeine
PGM2,1,1,caffeine
PGRMC1,1,1,caffeine
PGRMC2,1,1,caffeine
PHACTR2,1,1,caffeine
PHACTR4,1,1,caffeine
PHC3,1,1,caffeine
PHF1,1,1,caffeine
PHF10,1,1,caffeine
PHF13,1,1,caffeine
PHF14,1,1,caffeine
PHF2,1,1,caffeine
PHF23,1,1,caffeine
PHF3,1,1,caffeine
PHF6,1,1,caffeine
PHF8,1,1,caffeine
PHIP,1,1,caffeine
PHKA2,1,1,caffeine
PHKB,1,1,caffeine
PHLDA3,1,1,caffeine
PHLDB1,1,1,caffeine
PHLDB2,1,1,caffeine
PHLDB3,1,1,caffeine
PHLPP1,1,1,caffeine
PHRF1,1,1,caffeine
PHTF1,1,1,caffeine
PI4K2A,1,1,caffeine
PI4K2B,1,1,caffeine
PI4KA,1,1,caffeine
PI4KB,1,1,caffeine
PIAS1,1,1,caffeine
PICALM,1,1,caffeine
PIEZO1,1,1,caffeine
PIGC,1,1,caffeine
PIGG,1,1,caffeine
PIH1D1,1,1,caffeine
PIK3C2A,1,1,caffeine
PIKFYVE,1,1,caffeine
PIMREG,1,1,caffeine
PINK1,1,1,Ginsenoside rb1
PINX1,1,1,caffeine
PIP4K2B,1,1,caffeine
PIP5K1A,1,1,caffeine
PITPNC1,1,1,caffeine
PITPNM1,1,1,caffeine
PITX2,1,1,caffeine
PJA2,1,1,caffeine
PKD1,1,1,caffeine
PKM,1,1,caffeine
PKMYT1,1,1,caffeine
PKN1,1,1,caffeine
PKN2,1,1,caffeine
PKN3,1,1,caffeine
PKP2,1,1,caffeine
PKP3,1,1,caffeine
PKP4,1,1,caffeine
PLA2G12A,1,1,caffeine
PLCB3,1,1,caffeine
PLCD3,1,1,caffeine
PLCG1,1,1,caffeine
PLD1,1,1,caffeine
PLEKHA1,1,1,caffeine
PLEKHA2,1,1,caffeine
PLEKHA3,1,1,caffeine
PLEKHA4,1,1,caffeine
PLEKHA5,1,1,caffeine
PLEKHA6,1,1,caffeine
PLEKHA7,1,1,caffeine
PLEKHG2,1,1,caffeine
PLEKHG3,1,1,caffeine
PLEKHG5,1,1,caffeine
PLEKHM2,1,1,caffeine
PLEKHO2,1,1,caffeine
PLG,1,1,caffeine
PLIN3,1,1,caffeine
PLK1,1,1,caffeine
PLLP,1,1,caffeine
PLP1,1,1,caffeine
PLPP6,1,1,caffeine
PLPP7,1,1,caffeine
PLS1,1,1,caffeine
PLS3,1,1,caffeine
PLXND1,1,1,caffeine
PML,1,1,caffeine
PMM1,1,1,caffeine
PMPCB,1,1,caffeine
PNISR,1,1,caffeine
PNKP,1,1,caffeine
PNLIPRP2,1,1,Ethanolamine
PNN,1,1,caffeine
PNP,1,1,caffeine
PNPLA6,1,1,caffeine
PNPLA8,1,1,caffeine
PNPO,1,1,caffeine
POF1B,1,1,caffeine
POGZ,1,1,caffeine
POLA2,1,1,caffeine
POLDIP3,1,1,caffeine
POLI,1,1,caffeine
POLL,1,1,caffeine
POLM,1,1,caffeine
POLR1A,1,1,caffeine
POLR1F,1,1,caffeine
POLR2A,1,1,caffeine
POM121,1,1,caffeine
POM121C,1,1,caffeine
POMC,1,1,caffeine
POP1,1,1,caffeine
POR,1,1,caffeine
POTEE,1,1,caffeine
POTEI,1,1,caffeine
POTEKP,1,1,caffeine
POU2F1,1,1,caffeine
PPARD,1,1,forskolin
PPARGC1A,1,1,caffeine
PPFIA1,1,1,caffeine
PPFIA3,1,1,caffeine
PPFIBP2,1,1,caffeine
PPHLN1,1,1,caffeine
PPIAL4F,1,1,caffeine
PPIAL4G,1,1,caffeine
PPID,1,1,caffeine
PPIG,1,1,caffeine
PPIL4,1,1,caffeine
PPIP5K1,1,1,caffeine
PPIP5K2,1,1,caffeine
PPM1B,1,1,caffeine
PPM1D,1,1,caffeine
PPM1F,1,1,caffeine
PPM1H,1,1,caffeine
PPME1,1,1,caffeine
PPP1CA,1,1,caffeine
PPP1CB,1,1,caffeine
PPP1R10,1,1,caffeine
PPP1R11,1,1,caffeine
PPP1R12A,1,1,caffeine
PPP1R12C,1,1,caffeine
PPP1R13B,1,1,caffeine
PPP1R13L,1,1,caffeine
PPP1R16A,1,1,caffeine
PPP1R18,1,1,caffeine
PPP1R2,1,1,caffeine
PPP1R21,1,1,caffeine
PPP1R3E,1,1,caffeine
PPP1R3G,1,1,caffeine
PPP1R7,1,1,caffeine
PPP1R9A,1,1,caffeine
PPP2R2B,1,1,caffeine
PPP2R3C,1,1,caffeine
PPP2R5D,1,1,caffeine
PPP2R5E,1,1,caffeine
PPP4R1,1,1,caffeine
PPP4R2,1,1,caffeine
PPP4R3A,1,1,caffeine
PPP4R3B,1,1,caffeine
PPP6R2,1,1,caffeine
PPP6R3,1,1,caffeine
PPRC1,1,1,caffeine
PQBP1,1,1,caffeine
PRAG1,1,1,caffeine
PRCC,1,1,caffeine
PRDM2,1,1,caffeine
PRDM4,1,1,caffeine
PRDX2,1,1,caffeine
PRELID1,1,1,caffeine
PRELID3B,1,1,caffeine
PRICKLE2,1,1,caffeine
PRIM2,1,1,caffeine
PRIMPOL,1,1,caffeine
PRKAB1,1,1,caffeine
PRKAB2,1,1,caffeine
PRKAR1B,1,1,caffeine
PRKAR2A,1,1,caffeine
PRKCD,1,1,caffeine
PRKCI,1,1,caffeine
PRKCSH,1,1,caffeine
PRKCZ,1,1,caffeine
PRKD2,1,1,caffeine
PRKRA,1,1,caffeine
PRL2C3,1,1,caffeine
PRMT3,1,1,caffeine
PRNP,1,1,caffeine
PROM1,1,1,caffeine
PRORSD1,1,1,caffeine
PROSER1,1,1,caffeine
PROSER2,1,1,caffeine
PROSER3,1,1,caffeine
PROX1,1,1,caffeine
PRP4K,1,1,caffeine
PRPF18,1,1,caffeine
PRPF3,1,1,caffeine
PRPF31,1,1,caffeine
PRPF40A,1,1,caffeine
PRPF40B,1,1,caffeine
PRPF6,1,1,caffeine
PRPH,1,1,caffeine
PRPSAP1,1,1,caffeine
PRPSAP2,1,1,caffeine
PRR11,1,1,caffeine
PRR12,1,1,caffeine
PRR14L,1,1,caffeine
PRR36,1,1,caffeine
PRR5,1,1,caffeine
PRRC2A,1,1,caffeine
PRRC2B,1,1,caffeine
PRRC2C,1,1,caffeine
PSD3,1,1,caffeine
PSD4,1,1,caffeine
PSIP1,1,1,caffeine
PSMA2,1,1,caffeine
PSMA3,1,1,caffeine
PSMA6,1,1,caffeine
PSMC3,1,1,caffeine
PSMC4,1,1,caffeine
PSMC5,1,1,caffeine
PSMD1,1,1,caffeine
PSMD2,1,1,caffeine
PSMD4,1,1,caffeine
PSME3,1,1,caffeine
PSME4,1,1,caffeine
PSMG1,1,1,caffeine
PSRC1,1,1,caffeine
PTBP3,1,1,caffeine
PTDSS1,1,1,caffeine
PTDSS2,1,1,caffeine
PTGER1,1,1,caffeine
PTGFRN,1,1,caffeine
PTGR1,1,1,caffeine
PTGR2,1,1,caffeine
PTK2,1,1,caffeine
PTMS,1,1,caffeine
PTOV1,1,1,caffeine
PTPDC1,1,1,caffeine
PTPN11,1,1,caffeine
PTPN12,1,1,caffeine
PTPN14,1,1,caffeine
PTPN18,1,1,caffeine
PTPN21,1,1,caffeine
PTPN23,1,1,caffeine
PTPN3,1,1,caffeine
PTPN6,1,1,caffeine
PTPN9,1,1,caffeine
PTPRA,1,1,caffeine
PTPRF,1,1,caffeine
PTPRK,1,1,caffeine
PTPRM,1,1,caffeine
PTPRU,1,1,caffeine
PTTG2,1,1,caffeine
PUM1,1,1,caffeine
PUM2,1,1,caffeine
PURB,1,1,caffeine
PWWP2A,1,1,caffeine
PWWP2B,1,1,caffeine
PXN,1,1,caffeine
PYCR1,1,1,caffeine
PYCR2,1,1,caffeine
PYGM,1,1,caffeine
PYGO2,1,1,caffeine
PYM1,1,1,caffeine
QARS1,1,1,caffeine
QPCT,1,1,Ethanolamine
QRFPR,1,1,caffeine
QRSL1,1,1,caffeine
QSER1,1,1,caffeine
QSOX2,1,1,caffeine
R3HCC1L,1,1,caffeine
R3HDM1,1,1,caffeine
R3HDM2,1,1,caffeine
RAB11A,1,1,caffeine
RAB11FIP1,1,1,caffeine
RAB11FIP3,1,1,caffeine
RAB11FIP5,1,1,caffeine
RAB1A,1,1,caffeine
RAB1B,1,1,caffeine
RAB2A,1,1,caffeine
RAB2B,1,1,caffeine
RAB3GAP1,1,1,caffeine
RAB3GAP2,1,1,caffeine
RAB40B,1,1,caffeine
RAB42,1,1,caffeine
RAB4A,1,1,caffeine
RAB5A,1,1,caffeine
RAB6A,1,1,caffeine
RAB7,1,1,caffeine
RAB7A,1,1,caffeine
RAB8A,1,1,caffeine
RAB9A,1,1,caffeine
RABEP1,1,1,caffeine
RABEP2,1,1,caffeine
RABL3,1,1,caffeine
RABL6,1,1,caffeine
RAC2,1,1,caffeine
RACGAP1,1,1,caffeine
RACK1,1,1,caffeine
RAD1,1,1,caffeine
RAD18,1,1,caffeine
RAD21,1,1,caffeine
RAD23B,1,1,caffeine
RAF1,1,1,caffeine
RAI1,1,1,caffeine
RAI14,1,1,caffeine
RALBP1,1,1,caffeine
RALGAPA1,1,1,caffeine
RALGAPA2,1,1,caffeine
RALGPS1,1,1,caffeine
RALGPS2,1,1,caffeine
RALY,1,1,caffeine
RAN,1,1,caffeine
RANBP10,1,1,caffeine
RANBP2,1,1,caffeine
RANBP3,1,1,caffeine
RANBP9,1,1,caffeine
RANGAP1,1,1,caffeine
RAP1GAP,1,1,caffeine
RAP1GAP2,1,1,caffeine
RAPGEF2,1,1,caffeine
RAPGEF6,1,1,caffeine
RAPH1,1,1,caffeine
RASA1,1,1,caffeine
RASA3,1,1,caffeine
RASAL2,1,1,caffeine
RASGRF2,1,1,caffeine
RASSF7,1,1,caffeine
RB1CC1,1,1,caffeine
RBBP4,1,1,caffeine
RBBP6,1,1,caffeine
RBBP7,1,1,caffeine
RBBP8,1,1,caffeine
RBCK1,1,1,caffeine
RBFOX2,1,1,caffeine
RBL1,1,1,caffeine
RBL2,1,1,caffeine
RBM10,1,1,caffeine
RBM12,1,1,caffeine
RBM12B,1,1,caffeine
RBM14,1,1,caffeine
RBM15,1,1,caffeine
RBM15B,1,1,caffeine
RBM17,1,1,caffeine
RBM25,1,1,caffeine
RBM26,1,1,caffeine
RBM3,1,1,caffeine
RBM33,1,1,caffeine
RBM34,1,1,caffeine
RBM39,1,1,caffeine
RBM4,1,1,caffeine
RBM4B,1,1,caffeine
RBM5,1,1,caffeine
RBM6,1,1,caffeine
RBM7,1,1,caffeine
RBM8A,1,1,caffeine
RBMS1,1,1,caffeine
RBMS2,1,1,caffeine
RBMX2,1,1,caffeine
RBSN,1,1,caffeine
RBX1,1,1,caffeine
RC3H1,1,1,caffeine
RC3H2,1,1,caffeine
RCOR1,1,1,caffeine
RCOR2,1,1,caffeine
RCOR3,1,1,caffeine
RECQL5,1,1,caffeine
REEP3,1,1,caffeine
REEP4,1,1,caffeine
RELCH,1,1,caffeine
RELL1,1,1,caffeine
REPS1,1,1,caffeine
RER1,1,1,caffeine
RESF1,1,1,caffeine
REST,1,1,caffeine
RETREG2,1,1,caffeine
RETREG3,1,1,caffeine
REV1,1,1,caffeine
REXO1,1,1,caffeine
REXO1L1P,1,1,caffeine
REXO4,1,1,caffeine
RFC1,1,1,caffeine
RFC2,1,1,caffeine
RFFL,1,1,caffeine
RFLNB,1,1,caffeine
RFWD3,1,1,caffeine
RFX3,1,1,caffeine
RFX7,1,1,caffeine
RFXAP,1,1,caffeine
RGL2,1,1,caffeine
RGL3,1,1,caffeine
RGPD1,1,1,caffeine
RGPD3,1,1,caffeine
RGPD5,1,1,caffeine
RGS12,1,1,caffeine
RGS14,1,1,caffeine
RGS19,1,1,caffeine
RGS2,1,1,caffeine
RHBDF1,1,1,caffeine
RHBDF2,1,1,caffeine
RHEBL1,1,1,caffeine
RHPN2,1,1,caffeine
RHPN2P1,1,1,caffeine
RIC1,1,1,caffeine
RIC8A,1,1,caffeine
RICTOR,1,1,caffeine
RIF1,1,1,caffeine
RIMS2,1,1,caffeine
RIN1,1,1,caffeine
RIN3,1,1,caffeine
RING1,1,1,caffeine
RINL,1,1,caffeine
RIOK1,1,1,caffeine
RIOK2,1,1,caffeine
RIOK3,1,1,caffeine
RIOX1,1,1,caffeine
RIPK1,1,1,caffeine
RIPK2,1,1,caffeine
RIPOR1,1,1,caffeine
RMC1,1,1,caffeine
RMDN3,1,1,caffeine
RMI1,1,1,caffeine
RMP64,1,1,caffeine
RNASEH1,1,1,caffeine
RNF113A,1,1,caffeine
RNF135,1,1,caffeine
RNF166,1,1,caffeine
RNF169,1,1,caffeine
RNF2,1,1,caffeine
RNF208,1,1,caffeine
RNF213,1,1,caffeine
RNF214,1,1,caffeine
RNF220,1,1,caffeine
RNF25,1,1,caffeine
RNF4,1,1,caffeine
RNF40,1,1,caffeine
RNF43,1,1,caffeine
RNF8,1,1,caffeine
RNFT2,1,1,caffeine
RNH1,1,1,caffeine
RNPC3,1,1,caffeine
ROBO1,1,1,caffeine
ROCK1,1,1,caffeine
ROCK2,1,1,caffeine
RP9,1,1,caffeine
RPAP3,1,1,caffeine
RPF2,1,1,caffeine
RPGR,1,1,caffeine
RPIA,1,1,caffeine
RPL10A,1,1,caffeine
RPL13,1,1,caffeine
RPL18,1,1,caffeine
RPL24,1,1,caffeine
RPL26,1,1,caffeine
RPL3,1,1,caffeine
RPL36,1,1,caffeine
RPL36A,1,1,caffeine
RPL7A,1,1,caffeine
RPLP2,1,1,caffeine
RPN2,1,1,caffeine
RPRD1B,1,1,caffeine
RPRD2,1,1,caffeine
RPS10,1,1,caffeine
RPS11,1,1,caffeine
RPS14,1,1,caffeine
RPS17,1,1,caffeine
RPS18,1,1,caffeine
RPS2,1,1,caffeine
RPS26,1,1,caffeine
RPS27,1,1,caffeine
RPS27A,1,1,caffeine
RPS28,1,1,caffeine
RPS3,1,1,caffeine
RPS6KA1,1,1,caffeine
RPS6KA4,1,1,caffeine
RPS6KC1,1,1,caffeine
RPS8,1,1,caffeine
RPTOR,1,1,caffeine
RPUSD2,1,1,caffeine
RRAGC,1,1,caffeine
RRBP1,1,1,caffeine
RREB1,1,1,caffeine
RRM1,1,1,caffeine
RRM2,1,1,caffeine
RRP1,1,1,caffeine
RRP12,1,1,caffeine
RRP15,1,1,caffeine
RRP1B,1,1,caffeine
RRP8,1,1,caffeine
RRS1,1,1,caffeine
RSBN1L,1,1,caffeine
RSF1,1,1,caffeine
RSL1D1,1,1,caffeine
RSPO3,1,1,caffeine
RSRC2,1,1,caffeine
RTEL1,1,1,caffeine
RTKN,1,1,caffeine
RTL9,1,1,caffeine
RTN3,1,1,caffeine
RTN4,1,1,caffeine
RTTN,1,1,caffeine
RUFY1,1,1,caffeine
RUNDC1,1,1,caffeine
RUVBL2,1,1,caffeine
RWDD2B,1,1,caffeine
RXFP1,1,1,forskolin
RXFP2,1,1,forskolin
RXRA,1,1,caffeine
RXYLT1,1,1,caffeine
RYBP,1,1,caffeine
RYR3-DT,1,1,caffeine
S100A10,1,1,caffeine
S100A13,1,1,caffeine
S100A6,1,1,caffeine
SACS,1,1,caffeine
SAFB,1,1,caffeine
SAFB2,1,1,caffeine
SALL1,1,1,caffeine
SAMD1,1,1,caffeine
SAMD4A,1,1,caffeine
SAMD4B,1,1,caffeine
SAMHD1,1,1,caffeine
SAMSN1,1,1,caffeine
SAP130,1,1,caffeine
SAP18,1,1,caffeine
SAP30BP,1,1,caffeine
SARDH,1,1,Ethanolamine
SART1,1,1,caffeine
SART3,1,1,caffeine
SASH1,1,1,caffeine
SATB2,1,1,caffeine
SBF1,1,1,caffeine
SBNO1,1,1,caffeine
SC5D,1,1,caffeine
SCAF1,1,1,caffeine
SCAF11,1,1,caffeine
SCAF8,1,1,caffeine
SCAMP1,1,1,caffeine
SCAMP3,1,1,caffeine
SCAMP4,1,1,caffeine
SCAND1,1,1,caffeine
SCAP,1,1,caffeine
SCAPER,1,1,caffeine
SCCPDH,1,1,caffeine
SCD,1,1,caffeine
SCML2,1,1,caffeine
SCN9A,1,1,caffeine
SCP2,1,1,caffeine
SCRIB,1,1,caffeine
SDC4,1,1,caffeine
SDCBP,1,1,caffeine
SDCBP2,1,1,caffeine
SEC13,1,1,caffeine
SEC14L1,1,1,caffeine
SEC16A,1,1,caffeine
SEC16B,1,1,caffeine
SEC22B,1,1,caffeine
SEC23A,1,1,caffeine
SEC23IP,1,1,caffeine
SEC24D,1,1,caffeine
SEC31A,1,1,caffeine
SEC61B,1,1,caffeine
SEC63,1,1,caffeine
SECISBP2L,1,1,caffeine
SELENON,1,1,caffeine
SEMA4B,1,1,caffeine
SEMA4G,1,1,caffeine
SEMA6A,1,1,caffeine
SEMA6B,1,1,caffeine
SENP3,1,1,caffeine
SENP5,1,1,caffeine
SEPHS2,1,1,caffeine
SERINC3,1,1,caffeine
SERINC5,1,1,caffeine
SERPINA1,1,1,caffeine
SERTAD2,1,1,caffeine
SESN1,1,1,caffeine
SETD1A,1,1,caffeine
SETD1B,1,1,caffeine
SETD2,1,1,caffeine
SETD3,1,1,caffeine
SETD5,1,1,caffeine
SETDB1,1,1,caffeine
SETX,1,1,caffeine
SEZ6L2,1,1,caffeine
SF1,1,1,caffeine
SF3A1,1,1,caffeine
SF3A3,1,1,caffeine
SF3B1,1,1,caffeine
SFMBT1,1,1,caffeine
SFRP1,1,1,caffeine
SFSWAP,1,1,caffeine
SFXN3,1,1,caffeine
SFXN4,1,1,caffeine
SGO2,1,1,caffeine
SGPP1,1,1,caffeine
SGSM3,1,1,caffeine
SGTB,1,1,caffeine
SH2B1,1,1,caffeine
SH2D3A,1,1,caffeine
SH2D5,1,1,caffeine
SH3BP1,1,1,caffeine
SH3D21,1,1,caffeine
SH3GL1,1,1,caffeine
SH3GLB2,1,1,caffeine
SH3KBP1,1,1,caffeine
SH3PXD2A,1,1,caffeine
SH3PXD2B,1,1,caffeine
SHANK2,1,1,caffeine
SHB,1,1,caffeine
SHC1,1,1,caffeine
SHH,1,1,caffeine
SHLD1,1,1,caffeine
SHROOM1,1,1,caffeine
SHTN1,1,1,caffeine
SIAH2,1,1,caffeine
SIGIRR,1,1,caffeine
SIGMAR1,1,1,caffeine
SIN3A,1,1,caffeine
SIPA1,1,1,caffeine
SIPA1L1,1,1,caffeine
SIPA1L3,1,1,caffeine
SIRT2,1,1,caffeine
SIRT3,1,1,caffeine
SIT1,1,1,caffeine
SIX4,1,1,caffeine
SKA3,1,1,caffeine
SKI,1,1,caffeine
SKIC2,1,1,caffeine
SKIL,1,1,caffeine
SKP2,1,1,caffeine
SLA2,1,1,caffeine
SLAIN2,1,1,caffeine
SLC12A2,1,1,caffeine
SLC12A4,1,1,caffeine
SLC12A6,1,1,caffeine
SLC16A6,1,1,caffeine
SLC19A1,1,1,caffeine
SLC19A2,1,1,caffeine
SLC1A1,1,1,caffeine
SLC1A5,1,1,caffeine
SLC20A1,1,1,caffeine
SLC20A2,1,1,caffeine
SLC22A17,1,1,caffeine
SLC23A2,1,1,caffeine
SLC25A1,1,1,caffeine
SLC25A37,1,1,caffeine
SLC25A46,1,1,caffeine
SLC2A10,1,1,caffeine
SLC2A6,1,1,caffeine
SLC30A1,1,1,caffeine
SLC30A7,1,1,caffeine
SLC35A5,1,1,caffeine
SLC35F2,1,1,caffeine
SLC35F6,1,1,caffeine
SLC35G2,1,1,caffeine
SLC38A10,1,1,caffeine
SLC38A2,1,1,caffeine
SLC38A3,1,1,caffeine
SLC38A7,1,1,caffeine
SLC39A11,1,1,caffeine
SLC39A3,1,1,caffeine
SLC41A3,1,1,caffeine
SLC43A1,1,1,caffeine
SLC43A2,1,1,caffeine
SLC47A1,1,1,caffeine
SLC47A2,1,1,caffeine
SLC4A2,1,1,caffeine
SLC4A7,1,1,caffeine
SLC51B,1,1,caffeine
SLC5A8,1,1,caffeine
SLC60A2,1,1,caffeine
SLC6A14,1,1,caffeine
SLC6A2,1,1,maprotiline
SLC6A8,1,1,caffeine
SLC7A6OS,1,1,caffeine
SLC8B1,1,1,caffeine
SLC9A4,1,1,caffeine
SLC9A6,1,1,caffeine
SLC9A7,1,1,caffeine
SLC9A8,1,1,caffeine
SLC9B2,1,1,caffeine
SLCO1D1,1,1,caffeine
SLCO4A1,1,1,caffeine
SLCO4C1,1,1,caffeine
SLF2,1,1,caffeine
SLK,1,1,caffeine
SLMAP,1,1,caffeine
SLTM,1,1,caffeine
SLX4,1,1,caffeine
SLX9,1,1,caffeine
SMAD1,1,1,caffeine
SMAD2,1,1,caffeine
SMAD5,1,1,caffeine
SMAD9,1,1,caffeine
SMARCA1,1,1,caffeine
SMARCA2,1,1,caffeine
SMARCA4,1,1,caffeine
SMARCA5,1,1,caffeine
SMARCAD1,1,1,caffeine
SMARCAL1,1,1,caffeine
SMARCC1,1,1,caffeine
SMARCC2,1,1,caffeine
SMARCE1,1,1,caffeine
SMC1A,1,1,caffeine
SMC3,1,1,caffeine
SMC4,1,1,caffeine
SMC5,1,1,caffeine
SMCR8,1,1,caffeine
SMG1,1,1,caffeine
SMG7,1,1,caffeine
SMG8,1,1,caffeine
SMG9,1,1,caffeine
SMIM1,1,1,caffeine
SMN1,1,1,caffeine
SMNDC1,1,1,caffeine
SMOX,1,1,caffeine
SMPD3,1,1,caffeine
SMPD4,1,1,caffeine
SMTN,1,1,caffeine
SMURF2,1,1,caffeine
SNAP23,1,1,caffeine
SNAP25,1,1,caffeine
SNAPC4,1,1,caffeine
SNAPIN,1,1,caffeine
SND1,1,1,caffeine
SNIP1,1,1,caffeine
SNRK,1,1,caffeine
SNRNP200,1,1,caffeine
SNRNP40,1,1,caffeine
SNRPA1,1,1,caffeine
SNRPC,1,1,caffeine
SNTA1,1,1,caffeine
SNTB1,1,1,caffeine
SNTB2,1,1,caffeine
SNUPN,1,1,caffeine
SNURF,1,1,caffeine
SNW1,1,1,caffeine
SNX1,1,1,caffeine
SNX13,1,1,caffeine
SNX15,1,1,caffeine
SNX17,1,1,caffeine
SNX2,1,1,caffeine
SNX3,1,1,caffeine
SNX30,1,1,caffeine
SNX33,1,1,caffeine
SNX8,1,1,caffeine
SNX9,1,1,caffeine
SOBP,1,1,caffeine
SOCS6,1,1,caffeine
SON,1,1,caffeine
SORBS1,1,1,caffeine
SORBS2,1,1,caffeine
SORBS3,1,1,caffeine
SORL1,1,1,caffeine
SOS1,1,1,caffeine
SOX13,1,1,caffeine
SOX4,1,1,caffeine
SOX5,1,1,caffeine
SP1,1,1,caffeine
SP100,1,1,caffeine
SP2,1,1,caffeine
SP3,1,1,caffeine
SP4,1,1,caffeine
SP5,1,1,caffeine
SPAG1,1,1,caffeine
SPAG5,1,1,caffeine
SPAG7,1,1,caffeine
SPAG9,1,1,caffeine
SPART,1,1,caffeine
SPAST,1,1,caffeine
SPATA18,1,1,caffeine
SPATS2L,1,1,caffeine
SPECC1,1,1,caffeine
SPECC1L,1,1,caffeine
SPEN,1,1,caffeine
SPHKAP,1,1,caffeine
SPICE1,1,1,caffeine
SPINDOC,1,1,caffeine
SPIRE1,1,1,caffeine
SPIRE2,1,1,caffeine
SPOCK2,1,1,caffeine
SPR,1,1,caffeine
SPRED1,1,1,caffeine
SPRED2,1,1,caffeine
SPRN,1,1,caffeine
SPRTN,1,1,caffeine
SPRY1,1,1,caffeine
SPRY4,1,1,caffeine
SPRYD3,1,1,caffeine
SPTAN1,1,1,caffeine
SPTBN1,1,1,caffeine
SRARP,1,1,caffeine
SRBD1,1,1,caffeine
SRC,1,1,caffeine
SRCAP,1,1,caffeine
SRCIN1,1,1,caffeine
SREK1,1,1,caffeine
SREK1IP1,1,1,caffeine
SRF,1,1,caffeine
SRFBP1,1,1,caffeine
SRGAP1,1,1,caffeine
SRGAP2,1,1,caffeine
SRM,1,1,caffeine
SRP68,1,1,caffeine
SRP72,1,1,caffeine
SRP9,1,1,caffeine
SRPK1,1,1,caffeine
SRPK2,1,1,caffeine
SRPRB,1,1,caffeine
SRRM1,1,1,caffeine
SRRM2,1,1,caffeine
SRSF1,1,1,caffeine
SRSF11,1,1,caffeine
SRSF4,1,1,caffeine
SRSF7,1,1,caffeine
SSBP3,1,1,caffeine
SSC4D,1,1,caffeine
SSH1,1,1,caffeine
SSH2,1,1,caffeine
SSR3,1,1,caffeine
SSX2IP,1,1,caffeine
ST13,1,1,caffeine
ST13P3,1,1,caffeine
STAG1,1,1,caffeine
STAG2,1,1,caffeine
STAM,1,1,caffeine
STARD13,1,1,caffeine
STARD3NL,1,1,caffeine
STARD4,1,1,caffeine
STAT1,1,1,caffeine
STAT3,1,1,caffeine
STAT5B,1,1,caffeine
STAT6,1,1,caffeine
STAU1,1,1,caffeine
STAU2,1,1,caffeine
STBD1,1,1,caffeine
STC2,1,1,caffeine
STEAP1,1,1,caffeine
STIM2,1,1,caffeine
STIP1,1,1,caffeine
STK10,1,1,caffeine
STK11IP,1,1,caffeine
STK17A,1,1,caffeine
STK17B,1,1,caffeine
STK3,1,1,caffeine
STK32B,1,1,caffeine
STK32C,1,1,caffeine
STK39,1,1,caffeine
STOX1,1,1,caffeine
STOX2,1,1,caffeine
STRADB,1,1,caffeine
STRBP,1,1,caffeine
STRIP1,1,1,caffeine
STRN,1,1,caffeine
STRN3,1,1,caffeine
STT3B,1,1,caffeine
STX10,1,1,caffeine
STX12,1,1,caffeine
STX16,1,1,caffeine
STX17,1,1,caffeine
STX4,1,1,caffeine
STX4A,1,1,caffeine
STX6,1,1,caffeine
STX7,1,1,caffeine
STX8,1,1,caffeine
STXBP4,1,1,caffeine
STXBP5,1,1,caffeine
SUB1,1,1,caffeine
SUCO,1,1,caffeine
SUDS3,1,1,caffeine
SUFU,1,1,caffeine
SUGP2,1,1,caffeine
SUGT1,1,1,caffeine
SULT1A1,1,1,caffeine
SULT1A4,1,1,caffeine
SUN2,1,1,caffeine
SUPT20H,1,1,caffeine
SUPT5H,1,1,caffeine
SUPT6H,1,1,caffeine
SUPT7L,1,1,caffeine
SURF6,1,1,caffeine
SUV39H1,1,1,caffeine
SUZ12,1,1,caffeine
SVBP,1,1,caffeine
SVIL,1,1,caffeine
SYAP1,1,1,caffeine
SYMPK,1,1,caffeine
SYN1,1,1,caffeine
SYNCRIP,1,1,caffeine
SYNE1,1,1,caffeine
SYNE2,1,1,caffeine
SYNJ1,1,1,caffeine
SYNJ2,1,1,caffeine
SYNPO,1,1,caffeine
SYT10,1,1,caffeine
SYTL1,1,1,caffeine
SZT2,1,1,caffeine
TAB2,1,1,caffeine
TACC2,1,1,caffeine
TAF1C,1,1,caffeine
TAF2,1,1,caffeine
TAF4,1,1,caffeine
TAF6L,1,1,caffeine
TAF9,1,1,caffeine
TANC1,1,1,caffeine
TAOK1,1,1,caffeine
TAPT1,1,1,caffeine
TARDBP,1,1,caffeine
TASOR2,1,1,caffeine
TAX1BP3,1,1,caffeine
TBC1D16,1,1,caffeine
TBC1D22A,1,1,caffeine
TBC1D23,1,1,caffeine
TBC1D4,1,1,caffeine
TBC1D8,1,1,caffeine
TBC1D8B,1,1,caffeine
TBC1D9B,1,1,caffeine
TBCB,1,1,caffeine
TBK1,1,1,caffeine
TBRG1,1,1,caffeine
TBX2,1,1,caffeine
TCEA1,1,1,caffeine
TCEA3,1,1,caffeine
TCF12,1,1,caffeine
TCF20,1,1,caffeine
TCHP,1,1,caffeine
TCP1,1,1,caffeine
TDO2,1,1,caffeine
TDP2,1,1,caffeine
TDRD7,1,1,caffeine
TEAD3,1,1,caffeine
TEPSIN,1,1,caffeine
TET2,1,1,caffeine
TEX2,1,1,caffeine
TFAP4,1,1,caffeine
TFDP1,1,1,caffeine
TFG,1,1,caffeine
TFPT,1,1,caffeine
TFRC,1,1,caffeine
TGFBR1,1,1,caffeine
TGIF2,1,1,caffeine
TGS1,1,1,caffeine
TH,1,1,caffeine
THOC1,1,1,caffeine
THOC5,1,1,caffeine
THRAP3,1,1,caffeine
THSD7B,1,1,caffeine
THUMPD3,1,1,caffeine
TICRR,1,1,caffeine
TJAP1,1,1,caffeine
TJP2,1,1,caffeine
TKT,1,1,caffeine
TLE2,1,1,caffeine
TLK1,1,1,caffeine
TLN1,1,1,caffeine
TM9SF1,1,1,caffeine
TMC7,1,1,caffeine
TMCC2,1,1,caffeine
TMED5,1,1,caffeine
TMEM102,1,1,caffeine
TMEM106B,1,1,caffeine
TMEM132A,1,1,caffeine
TMEM169,1,1,caffeine
TMEM209,1,1,caffeine
TMEM222,1,1,caffeine
TMEM230,1,1,caffeine
TMEM40,1,1,caffeine
TMEM45B,1,1,caffeine
TMEM69,1,1,caffeine
TMEM97,1,1,caffeine
TMIGD2,1,1,caffeine
TMPO,1,1,caffeine
TMUB1,1,1,caffeine
TMX1,1,1,caffeine
TNFAIP3,1,1,caffeine
TNFRSF19,1,1,caffeine
TNFSF11,1,1,Ginsenoside rb1
TNFSF4,1,1,caffeine
TNIP2,1,1,caffeine
TNK2,1,1,caffeine
TNKS1BP1,1,1,caffeine
TNKS2,1,1,caffeine
TNRC6A,1,1,caffeine
TNRC6B,1,1,caffeine
TNRC6C,1,1,caffeine
TNS2,1,1,caffeine
TNS3,1,1,caffeine
TOE1,1,1,caffeine
TOM1L2,1,1,caffeine
TOMM20,1,1,caffeine
TOMM6,1,1,caffeine
TOP2A,1,1,caffeine
TOP2B,1,1,caffeine
TOPORS,1,1,caffeine
TOR1AIP1,1,1,caffeine
TOR1AIP2,1,1,caffeine
TP53BP1,1,1,caffeine
TP53BP2,1,1,caffeine
TPD52,1,1,caffeine
TPD52L2,1,1,caffeine
TPH2,1,1,caffeine
TPI1,1,1,caffeine
TPM3,1,1,caffeine
TPP2,1,1,caffeine
TPRA1,1,1,caffeine
TPRN,1,1,caffeine
TPX2,1,1,caffeine
TRAF7,1,1,caffeine
TRAFD1,1,1,caffeine
TRAIP,1,1,caffeine
TRAPPC14,1,1,caffeine
TRIB3,1,1,caffeine
TRIM2,1,1,caffeine
TRIM24,1,1,caffeine
TRIM32,1,1,caffeine
TRIM36,1,1,caffeine
TRIM37,1,1,caffeine
TRIM47,1,1,caffeine
TRIM71,1,1,caffeine
TRIO,1,1,caffeine
TRIOBP,1,1,caffeine
TRIP11,1,1,caffeine
TRIP12,1,1,caffeine
TRIT1,1,1,caffeine
TRMT112,1,1,caffeine
TRMT1L,1,1,caffeine
TRPC1,1,1,caffeine
TRPV2,1,1,caffeine
TRRAP,1,1,caffeine
TRUB1,1,1,caffeine
TSC22D4,1,1,caffeine
TSEN54,1,1,caffeine
TSPAN14,1,1,caffeine
TTBK1,1,1,caffeine
TTC14,1,1,caffeine
TTC28,1,1,caffeine
TTC4,1,1,caffeine
TTLL4,1,1,caffeine
TTN,1,1,caffeine
TTYH3,1,1,caffeine
TUBAL3,1,1,caffeine
TUBB8,1,1,caffeine
TVP23C,1,1,caffeine
TXLNA,1,1,caffeine
TXLNG,1,1,caffeine
TXNDC17,1,1,caffeine
TXNRD1,1,1,caffeine
TYMS,1,1,caffeine
TYRO3,1,1,caffeine
TYW3,1,1,caffeine
U2AF2,1,1,caffeine
U2SURP,1,1,caffeine
UACA,1,1,caffeine
UBA5,1,1,caffeine
UBA6,1,1,caffeine
UBAP1,1,1,caffeine
UBAP2,1,1,caffeine
UBAP2L,1,1,caffeine
UBB,1,1,caffeine
UBC,1,1,caffeine
UBE2D2,1,1,caffeine
UBE2O,1,1,caffeine
UBE2Z,1,1,caffeine
UBE3B,1,1,caffeine
UBE4B,1,1,caffeine
UBIAD1,1,1,caffeine
UBL4A,1,1,caffeine
UBP1,1,1,caffeine
UBQLN4,1,1,caffeine
UBR1,1,1,caffeine
UBR2,1,1,caffeine
UBR4,1,1,caffeine
UBR5,1,1,caffeine
UBR7,1,1,caffeine
UBXN2B,1,1,caffeine
UBXN4,1,1,caffeine
UBXN6,1,1,caffeine
UBXN7,1,1,caffeine
UCHL1,1,1,caffeine
UCK1,1,1,caffeine
UCKL1,1,1,caffeine
UFD1,1,1,caffeine
UGDH,1,1,caffeine
UGT1A1,1,1,caffeine
UHRF1,1,1,caffeine
UHRF2,1,1,caffeine
UIMC1,1,1,caffeine
ULBP2,1,1,caffeine
ULBP3,1,1,caffeine
ULK1,1,1,caffeine
ULK3,1,1,caffeine
UNC13B,1,1,caffeine
UNC13C,1,1,caffeine
UNC45A,1,1,caffeine
UNC80,1,1,caffeine
UNCX,1,1,caffeine
UNG,1,1,caffeine
UNK,1,1,caffeine
UPF1,1,1,caffeine
UPF3A,1,1,caffeine
UPF3B,1,1,caffeine
UQCRC1,1,1,caffeine
UQCRC2,1,1,caffeine
URI1,1,1,caffeine
UROS,1,1,caffeine
USO1,1,1,caffeine
USP1,1,1,caffeine
USP10,1,1,caffeine
USP11,1,1,caffeine
USP15,1,1,caffeine
USP24,1,1,caffeine
USP28,1,1,caffeine
USP31,1,1,caffeine
USP32,1,1,caffeine
USP34,1,1,caffeine
USP36,1,1,caffeine
USP4,1,1,caffeine
USP40,1,1,caffeine
USP47,1,1,caffeine
USP5,1,1,caffeine
USP7,1,1,caffeine
USP8,1,1,caffeine
USP9X,1,1,caffeine
USP9Y,1,1,caffeine
UTRN,1,1,caffeine
VAMP3,1,1,caffeine
VAPA,1,1,caffeine
VARS1,1,1,caffeine
VAT1,1,1,caffeine
VCL,1,1,caffeine
VCPIP1,1,1,caffeine
VDAC1,1,1,caffeine
VDR,1,1,caffeine
VEGFA,1,1,caffeine
VGLL4,1,1,caffeine
VPS13B,1,1,caffeine
VPS13C,1,1,caffeine
VPS26A,1,1,caffeine
VPS26B,1,1,caffeine
VPS53,1,1,caffeine
VPS54,1,1,caffeine
VTN,1,1,caffeine
VWA3A,1,1,caffeine
WASF2,1,1,caffeine
WASH6P,1,1,caffeine
WASHC2C,1,1,caffeine
WBP4,1,1,caffeine
WDCP,1,1,caffeine
WDR11,1,1,caffeine
WDR20,1,1,caffeine
WDR3,1,1,caffeine
WDR33,1,1,caffeine
WDR48,1,1,caffeine
WDR59,1,1,caffeine
WDR90,1,1,caffeine
WFS1,1,1,caffeine
WNK1,1,1,caffeine
WNK2,1,1,caffeine
WRAP53,1,1,caffeine
WRAP73,1,1,caffeine
WT1,1,1,caffeine
WWC1,1,1,caffeine
WWTR1,1,1,caffeine
XDH,1,1,caffeine
XPC,1,1,caffeine
XPO1,1,1,caffeine
XRCC1,1,1,caffeine
XRCC4,1,1,caffeine
XRN2,1,1,caffeine
YBX1,1,1,caffeine
YBX3,1,1,caffeine
YIPF2,1,1,caffeine
YJU2B,1,1,caffeine
YTHDC1,1,1,caffeine
YTHDC2,1,1,caffeine
YWHAZ,1,1,caffeine
ZBED4,1,1,caffeine
ZBTB11,1,1,caffeine
ZBTB2,1,1,caffeine
ZBTB40,1,1,caffeine
ZBTB44,1,1,caffeine
ZBTB49,1,1,caffeine
ZBTB9,1,1,caffeine
ZC2HC1A,1,1,caffeine
ZC3H14,1,1,caffeine
ZC3H15,1,1,caffeine
ZC3H3,1,1,caffeine
ZC3H7B,1,1,caffeine
ZC3HAV1,1,1,caffeine
ZCCHC10,1,1,caffeine
ZCCHC2,1,1,caffeine
ZDHHC5,1,1,caffeine
ZDHHC7,1,1,caffeine
ZFAND2B,1,1,caffeine
ZFAND3,1,1,caffeine
ZFP276,1,1,caffeine
ZFP36,1,1,caffeine
ZFP36L2,1,1,caffeine
ZFP553,1,1,caffeine
ZFP819,1,1,caffeine
ZFPM1,1,1,caffeine
ZFYVE16,1,1,caffeine
ZFYVE19,1,1,caffeine
ZFYVE26,1,1,caffeine
ZGPAT,1,1,caffeine
ZHX3,1,1,caffeine
ZIC5,1,1,caffeine
ZKSCAN1,1,1,caffeine
ZKSCAN8,1,1,caffeine
ZMYM2,1,1,caffeine
ZMYM3,1,1,caffeine
ZMYND8,1,1,caffeine
ZNF106,1,1,caffeine
ZNF142,1,1,caffeine
ZNF174,1,1,caffeine
ZNF205,1,1,caffeine
ZNF219,1,1,caffeine
ZNF24,1,1,caffeine
ZNF250,1,1,caffeine
ZNF280B,1,1,caffeine
ZNF280C,1,1,caffeine
ZNF281,1,1,caffeine
ZNF316,1,1,caffeine
ZNF318,1,1,caffeine
ZNF326,1,1,caffeine
ZNF337,1,1,caffeine
ZNF33A,1,1,caffeine
ZNF362,1,1,caffeine
ZNF407,1,1,caffeine
ZNF408,1,1,caffeine
ZNF446,1,1,caffeine
ZNF502,1,1,caffeine
ZNF503,1,1,caffeine
ZNF507,1,1,caffeine
ZNF513,1,1,caffeine
ZNF516,1,1,caffeine
ZNF518A,1,1,caffeine
ZNF579,1,1,caffeine
ZNF592,1,1,caffeine
ZNF598,1,1,caffeine
ZNF609,1,1,caffeine
ZNF623,1,1,caffeine
ZNF639,1,1,caffeine
ZNF641,1,1,caffeine
ZNF644,1,1,caffeine
ZNF652,1,1,caffeine
ZNF655,1,1,caffeine
ZNF691,1,1,caffeine
ZNF692,1,1,caffeine
ZNF705G,1,1,caffeine
ZNF777,1,1,caffeine
ZNF784,1,1,caffeine
ZNF8,1,1,caffeine
ZNF827,1,1,caffeine
ZNHIT6,1,1,caffeine
ZNRF2,1,1,caffeine
ZNRF3,1,1,caffeine
ZRANB3,1,1,caffeine
ZSCAN5A,1,1,caffeine
ZSWIM5,1,1,caffeine
ZYX,1,1,caffeine
ZZEF1,1,1,caffeine
adenylate cyclase type 1,1,1,forskolin
adenylate cyclase type 10,1,1,forskolin
adenylate cyclase type 3,1,1,forskolin
adenylate cyclase type 4,1,1,forskolin
adenylate cyclase type 6,1,1,forskolin
adenylate cyclase type 7,1,1,forskolin
adenylate cyclase type 8,1,1,forskolin
adenylate cyclase type 9,1,1,forskolin
alpha 1 acid glycoprotein 1,1,1,maprotiline
atp binding cassette sub family g member 2,1,1,maprotiline
atp dependent translocase abcb1,1,1,forskolin
atpase family aaa domain containing protein 5,1,1,forskolin
broad substrate specificity atp binding cassette transporter abcg2,1,1,caffeine
calcium activated potassium channel subunit alpha 1,1,1,forskolin
camp and camp inhibited cgmp 3 5 cyclic phosphodiesterase 10a,1,1,caffeine
camp specific 3 5 cyclic phosphodiesterase 4a,1,1,caffeine
camp specific 3 5 cyclic phosphodiesterase 4b,1,1,caffeine
cgmp dependent 3 5 cyclic phosphodiesterase,1,1,caffeine
cgmp inhibited 3 5 cyclic phosphodiesterase 3a,1,1,caffeine
cone cgmp specific 3 5 cyclic phosphodiesterase subunit alpha,1,1,caffeine
creb binding protein,1,1,forskolin
cyclic amp responsive element binding protein 3,1,1,forskolin
cyp12d1 d,1,1,caffeine
cyp12d1 p,1,1,caffeine
cystic fibrosis transmembrane conductance regulator,1,1,forskolin
cytochrome p450 19a1,1,1,forskolin
cytochrome p450 2a6,1,1,pilocarpine
dual 3 5 cyclic amp and gmp phosphodiesterase 11a,1,1,caffeine
dual specificity calcium calmodulin dependent 3 5 cyclic nucleotide phosphodiesterase 1a,1,1,caffeine
dual specificity calcium calmodulin dependent 3 5 cyclic nucleotide phosphodiesterase 1c,1,1,caffeine
endochitinase b1,1,1,caffeine
g protein activated inward rectifier potassium channel 2,1,1,maprotiline
hba a1,1,1,caffeine
he1 3,1,1,caffeine
high affinity 3 5 cyclic amp phosphodiesterase 7a,1,1,caffeine
high affinity camp specific and ibmx insensitive 3 5 cyclic phosphodiesterase 8a,1,1,caffeine
high affinity camp specific and ibmx insensitive 3 5 cyclic phosphodiesterase 8b,1,1,caffeine
high affinity cgmp specific 3 5 cyclic phosphodiesterase 9a,1,1,caffeine
igfn1 1,1,1,caffeine
intermediate conductance calcium activated potassium channel protein 4,1,1,forskolin
kir3 2,1,1,maprotiline
kir3 4,1,1,maprotiline
lim2 3,1,1,caffeine
lim2 4,1,1,caffeine
muscarinic acetylcholine receptor dm1,1,1,pilocarpine
nad dependent protein deacetylase sirtuin 2,1,1,Ethanolamine
neuronal acetylcholine receptor alpha 2,1,1,carbachol
nuclear receptor ror beta,1,1,forskolin
nuclear receptor ror gamma,1,1,Ethanolamine
oxysterols receptor lxr beta,1,1,forskolin
phosphatidylinositol 4 5 bisphosphate 3 kinase catalytic subunit beta isoform,1,1,caffeine
plasminogen activator inhibitor 1,1,1,forskolin
ps modr4,1,1,caffeine
retinoic acid receptor rxr beta,1,1,forskolin
rod cgmp specific 3 5 cyclic phosphodiesterase subunit alpha,1,1,caffeine
rod cgmp specific 3 5 cyclic phosphodiesterase subunit beta,1,1,caffeine
serine threonine protein kinase mtor,1,1,caffeine
sertad4 as1,1,1,caffeine
serum paraoxonase arylesterase 1,1,1,pilocarpine
small conductance calcium activated potassium channel protein 1,1,1,forskolin
small conductance calcium activated potassium channel protein 2,1,1,forskolin
small conductance calcium activated potassium channel protein 3,1,1,forskolin
vitamin d3 receptor,1,1,forskolin
voltage dependent n type calcium channel subunit alpha 1b,1,1,maprotiline
