action,actname,actvalue,cid,citations,cmpdname,dois,dsn,evids,evurls,geneid,genename,pclids,pmcids,pmids,protacxn,protname,refchemids,refsids,srccmpd,srccmpdurl,srctarget,srctargetname,srctargeturl,synonym,taxid,taxname
,,,446157,,Rosuvastatin,,Drug Gene Interaction database (DGIdb),,,19,ABCA1,,,,,,6205,481107545,,https://www.dgidb.org/drugs/rxcui:301542,,ABCA1,https://www.dgidb.org/genes/hgnc:29,ROSUVASTATIN,9606,Homo sapiens (human)
Substrate,,,446157,,Rosuvastatin,,DrugBank,,,213,ALB,,,,P02768,Albumin,6205,481107545,DB01098,https://www.drugbank.ca/drugs/DB01098,BE0000530,Albumin,https://www.drugbank.ca/bio_entities/BE0000530,Rosuvastatin,9606,Homo sapiens (human)
Inhibitor,,,446157,,Rosuvastatin,,Drug Gene Interaction database (DGIdb),,,639,PRDM1,,,,,,6205,481107545,,https://www.dgidb.org/drugs/rxcui:301542,,PRDM1,https://www.dgidb.org/genes/hgnc:9346,ROSUVASTATIN,9606,Homo sapiens (human)
,,,446157,,Rosuvastatin,,Drug Gene Interaction database (DGIdb),,,779,CACNA1S,,,,,,6205,481107545,,https://www.dgidb.org/drugs/rxcui:301542,,CACNA1S,https://www.dgidb.org/genes/hgnc:1397,ROSUVASTATIN,9606,Homo sapiens (human)
,,,446157,,Rosuvastatin,,Drug Gene Interaction database (DGIdb),,,1071,CETP,,,,,,6205,481107545,,https://www.dgidb.org/drugs/rxcui:301542,,CETP,https://www.dgidb.org/genes/hgnc:1869,ROSUVASTATIN,9606,Homo sapiens (human)
,,,446157,,Rosuvastatin,,Drug Gene Interaction database (DGIdb),,,1244,ABCC2,,,,,,6205,481107545,,https://www.dgidb.org/drugs/rxcui:301542,,ABCC2,https://www.dgidb.org/genes/hgnc:53,ROSUVASTATIN,9606,Homo sapiens (human)
Substrate,,,446157,"Ellis LC, Hawksworth GM, Weaver RJ: ATP-dependent transport of statins by human and rat MRP2/Mrp2. Toxicol Appl Pharmacol. 2013 Jun 1;269(2):187-94. doi: 10.1016/j.taap.2013.03.019. Epub 2013 Apr 2.",Rosuvastatin,,DrugBank,PMID:23562342,https://www.ncbi.nlm.nih.gov/pubmed/23562342,1244,ABCC2,7334519,,23562342,Q92887,ATP-binding cassette sub-family C member 2,6205,481107545,DB01098,https://www.drugbank.ca/drugs/DB01098,BE0001069,ATP-binding cassette sub-family C member 2,https://www.drugbank.ca/bio_entities/BE0001069,Rosuvastatin,9606,Homo sapiens (human)
,,,446157,,Rosuvastatin,,Drug Gene Interaction database (DGIdb),,,1401,CRP,,,,,,6205,481107545,,https://www.dgidb.org/drugs/rxcui:301542,,CRP,https://www.dgidb.org/genes/hgnc:2367,ROSUVASTATIN,9606,Homo sapiens (human)
Substrate,,,446157,"Sakaeda T, Fujino H, Komoto C, Kakumoto M, Jin JS, Iwaki K, Nishiguchi K, Nakamura T, Okamura N, Okumura K: Effects of acid and lactone forms of eight HMG-CoA reductase inhibitors on CYP-mediated metabolism and MDR1-mediated transport. Pharm Res. 2006 Mar;23(3):506-12. doi: 10.1007/s11095-005-9371-5. Epub 2006 Jan 1.|Cooper K, Martin P, Dane A, Warwick M, Schneck D, Cantarini M. The effect of fluconazole on the pharmacokinetics of rosuvastatin. European Journal of Clinical Pharmacology. 2002 Oct 03;58(8):527–31. doi: 10.1007/s00228-002-0508-8.",Rosuvastatin,,DrugBank,PMID:12451430|PMID:16388406,https://www.ncbi.nlm.nih.gov/pubmed/12451430|https://www.ncbi.nlm.nih.gov/pubmed/16388406,1559,CYP2C9,24034191|29485782,,16388406|12451430,P11712,Cytochrome P450 2C9,6205,481107545,DB01098,https://www.drugbank.ca/drugs/DB01098,BE0002793,Cytochrome P450 2C9,https://www.drugbank.ca/bio_entities/BE0002793,Rosuvastatin,9606,Homo sapiens (human)
,,,446157,,Rosuvastatin,,Drug Gene Interaction database (DGIdb),,,1576,CYP3A4,,,,,,6205,481107545,,https://www.dgidb.org/drugs/rxcui:301542,,CYP3A4,https://www.dgidb.org/genes/hgnc:2637,ROSUVASTATIN,9606,Homo sapiens (human)
,,,446157,,Rosuvastatin,,Drug Gene Interaction database (DGIdb),,,2328,FMO3,,,,,,6205,481107545,,https://www.dgidb.org/drugs/rxcui:301542,,FMO3,https://www.dgidb.org/genes/hgnc:3771,ROSUVASTATIN,9606,Homo sapiens (human)
,,,446157,,Rosuvastatin,,Drug Gene Interaction database (DGIdb),,,3123,HLA-DRB1,,,,,,6205,481107545,,https://www.dgidb.org/drugs/rxcui:301542,,HLA-DRB1,https://www.dgidb.org/genes/hgnc:4948,ROSUVASTATIN,9606,Homo sapiens (human)
,,,446157,,Rosuvastatin,,Drug Gene Interaction database (DGIdb),,,3156,HMGCR,,,,,,6205,481107545,,https://www.dgidb.org/drugs/rxcui:301542,,HMGCR,https://www.dgidb.org/genes/hgnc:5006,ROSUVASTATIN,9606,Homo sapiens (human)
,,,446157,,Rosuvastatin,,Drug Gene Interaction database (DGIdb),,,3156,HMGCR,,,,,,6205,481107545,,https://www.dgidb.org/drugs/rxcui:301542,,HMGCR,https://www.dgidb.org/genes/hgnc:5006,ROSUVASTATIN,9606,Homo sapiens (human)
INHIBITOR,Ki,9.05,446157,,Rosuvastatin,,DrugCentral,,,3156,HMGCR,,,,P04035,3-hydroxy-3-methylglutaryl-coenzyme A reductase,6205,481107545,2406,https://drugcentral.org/drugcard/2406,238,3-hydroxy-3-methylglutaryl-coenzyme A reductase,https://drugcentral.org/target/P04035/view,rosuvastatin,9606,Homo sapiens (human)
Inhibitor,,,446157,"Zhou Y, Zhang Y, Zhao D, Yu X, Shen X, Zhou Y, Wang S, Qiu Y, Chen Y, Zhu F. TTD: Therapeutic Target Database describing target druggability information. Nucleic Acids Res. 2024 Jan 05;52(D1):D1465–77. PMID: 37713619; PMCID: PMC10767903.|Carbonell T, Freire E. Binding thermodynamics of statins to HMG-CoA reductase. Biochemistry. 2005 Sep 06;44(35):11741–8. doi: 10.1021/bi050905v. PMID: 16128575.|Holdgate GA, Ward WH, McTaggart F. Molecular mechanism for inhibition of 3-hydroxy-3-methylglutaryl CoA (HMG-CoA) reductase by rosuvastatin. Biochem Soc Trans. 2003 Jun;31(Pt 3):528–31. doi: 10.1042/bst0310528. PMID: 12773150.|Chapman MJ, Caslake M, Packard C, McTaggart F. New dimension of statin action on ApoB atherogenicity. Clin Cardiol. 2003 Jan;26(1 Suppl 1):I7–10. PMID: 12539816; PMCID: PMC6653840.|Olsson AG, McTaggart F, Raza A. Rosuvastatin: a highly effective new HMG-CoA reductase inhibitor. Cardiovasc Drug Rev. 2002;20(4):303–28. doi: 10.1111/j.1527-3466.2002.tb00099.x. PMID: 12481202.|Chen X, Ji ZL, Chen YZ. TTD: Therapeutic Target Database. Nucleic Acids Res. 2002 Jan 01;30(1):412–5. PMID: 11752352; PMCID: PMC99057.|Davidson MH. Rosuvastatin: a highly efficacious statin for the treatment of dyslipidaemia. Expert Opin Investig Drugs. 2002 Jan;11(1):125–41. doi: 10.1517/13543784.11.1.125 . PMID: 11772327.|Hanefeld M. CLINICAL RATIONALE FOR ROSUVASTATIN, A POTENT NEW HMG-COA REDUCTASE INHIBITOR. Int J Clinical Practice. 2001 Jul;55(6):399–405. doi: 10.1111/j.1742-1241.2001.tb11071.x.|McTaggart F, Buckett L, Davidson R, Holdgate G, McCormick A, Schneck D, Smith G, Warwick M. Preclinical and clinical pharmacology of rosuvastatin, a new 3-hydroxy- 3-methylglutaryl coenzyme A reductase inhibitor11CRESTOR is a trademark, the property of AstraZeneca PLC. Research discussed in this article was supported by AstraZeneca. The American Journal of Cardiology. 2001 Mar;87(5):28–32. doi: 10.1016/s0002-9149(01)01454-0.",Rosuvastatin,,DrugBank,PMID:11256847|PMID:11501230|PMID:11752352|PMID:11772327|PMID:12481202|PMID:12539816|PMID:12773150|PMID:16128575|PMID:37713619,https://www.ncbi.nlm.nih.gov/pubmed/11256847|https://www.ncbi.nlm.nih.gov/pubmed/11501230|https://www.ncbi.nlm.nih.gov/pubmed/11752352|https://www.ncbi.nlm.nih.gov/pubmed/11772327|https://www.ncbi.nlm.nih.gov/pubmed/12481202|https://www.ncbi.nlm.nih.gov/pubmed/12539816|https://www.ncbi.nlm.nih.gov/pubmed/12773150|https://www.ncbi.nlm.nih.gov/pubmed/16128575|https://www.ncbi.nlm.nih.gov/pubmed/37713619,3156,HMGCR,3644371|5026441|13204825|14620794|19957892|22600408|27411130|27414993|36526393,PMC10767903|PMC6653840|PMC99057,37713619|11772327|12481202|12539816|16128575|11501230|12773150|11752352|11256847,P04035,3-hydroxy-3-methylglutaryl-coenzyme A reductase,6205,481107545,DB01098,https://www.drugbank.ca/drugs/DB01098,BE0000574,3-hydroxy-3-methylglutaryl-coenzyme A reductase,https://www.drugbank.ca/bio_entities/BE0000574,Rosuvastatin,9606,Homo sapiens (human)
Competitive,pIC50,8.27,446157,"McTaggart F, Buckett L, Davidson R, Holdgate G, McCormick A, Schneck D, Smith G, Warwick M. Preclinical and clinical pharmacology of rosuvastatin, a new 3-hydroxy- 3-methylglutaryl coenzyme A reductase inhibitor11CRESTOR is a trademark, the property of AstraZeneca PLC. Research discussed in this article was supported by AstraZeneca. The American Journal of Cardiology. 2001 Mar;87(5):28–32. doi: 10.1016/s0002-9149(01)01454-0.",Rosuvastatin,,IUPHAR/BPS Guide to PHARMACOLOGY,PMID:11256847,https://www.ncbi.nlm.nih.gov/pubmed/11256847,3156,HMGCR,22600408,,11256847,P04035,3-hydroxy-3-methylglutaryl-coenzyme A reductase,6205,481107545,2954,https://www.guidetopharmacology.org/GRAC/LigandDisplayForward?ligandId=2954,639,hydroxymethylglutaryl-CoA reductase,https://guidetopharmacology.org/GRAC/ObjectDisplayForward?objectId=639,rosuvastatin,9606,Homo sapiens (human)
Competitive,pIC50,8.3,446157,"Istvan ES, Deisenhofer J. Structural mechanism for statin inhibition of HMG-CoA reductase. Science. 2001 May 11;292(5519):1160–4. doi: 10.1126/science.1059344. PMID: 11349148.",Rosuvastatin,,IUPHAR/BPS Guide to PHARMACOLOGY,PMID:11349148,https://www.ncbi.nlm.nih.gov/pubmed/11349148,3156,HMGCR,30064490,,11349148,P04035,3-hydroxy-3-methylglutaryl-coenzyme A reductase,6205,481107545,2954,https://www.guidetopharmacology.org/GRAC/LigandDisplayForward?ligandId=2954,639,hydroxymethylglutaryl-CoA reductase,https://guidetopharmacology.org/GRAC/ObjectDisplayForward?objectId=639,rosuvastatin,9606,Homo sapiens (human)
Competitive,pKi,8.64,446157,"Carbonell T, Freire E. Binding thermodynamics of statins to HMG-CoA reductase. Biochemistry. 2005 Sep 06;44(35):11741–8. doi: 10.1021/bi050905v. PMID: 16128575.",Rosuvastatin,,IUPHAR/BPS Guide to PHARMACOLOGY,PMID:16128575,https://www.ncbi.nlm.nih.gov/pubmed/16128575,3156,HMGCR,14620794,,16128575,P04035,3-hydroxy-3-methylglutaryl-coenzyme A reductase,6205,481107545,2954,https://www.guidetopharmacology.org/GRAC/LigandDisplayForward?ligandId=2954,639,hydroxymethylglutaryl-CoA reductase,https://guidetopharmacology.org/GRAC/ObjectDisplayForward?objectId=639,rosuvastatin,9606,Homo sapiens (human)
,,,446157,,Rosuvastatin,,Drug Gene Interaction database (DGIdb),,,3156,HMGCR,,,,,,6205,481107545,,https://www.dgidb.org/drugs/rxcui:301542,,HMGCR,https://www.dgidb.org/genes/hgnc:5006,ROSUVASTATIN,9606,Homo sapiens (human)
Inhibitor,,,446157,,Rosuvastatin,,Drug Gene Interaction database (DGIdb),,,3156,HMGCR,,,,,,6205,481107545,,https://www.dgidb.org/drugs/rxcui:301542,,HMGCR,https://www.dgidb.org/genes/hgnc:5006,ROSUVASTATIN,9606,Homo sapiens (human)
Competitive,pIC50,8.51,446157,"Pfefferkorn JA, Song Y, Sun KL, Miller SR, Trivedi BK, Choi C, Sorenson RJ, Bratton LD, Unangst PC, Larsen SD, Poel TJ, Cheng XM, Lee C, Erasga N, Auerbach B, Askew V, Dillon L, Hanselman JC, Lin Z, Lu G, Robertson A, Olsen K, Mertz T, Sekerke C, Pavlovsky A, Harris MS, Bainbridge G, Caspers N, Chen H, Eberstadt M. Design and synthesis of hepatoselective, pyrrole-based HMG-CoA reductase inhibitors. Bioorg Med Chem Lett. 2007 Aug 15;17(16):4538–44. doi: 10.1016/j.bmcl.2007.05.096. PMID: 17574412.",Rosuvastatin,,IUPHAR/BPS Guide to PHARMACOLOGY,PMID:17574412,https://www.ncbi.nlm.nih.gov/pubmed/17574412,3156,HMGCR,15987633,,17574412,P04035,3-hydroxy-3-methylglutaryl-coenzyme A reductase,6205,481107545,2954,https://www.guidetopharmacology.org/GRAC/LigandDisplayForward?ligandId=2954,639,hydroxymethylglutaryl-CoA reductase,https://guidetopharmacology.org/GRAC/ObjectDisplayForward?objectId=639,rosuvastatin,9606,Homo sapiens (human)
"Rosuvastatin selectively and competitively inhibits the hepatic enzyme hydroxymethylglutaryl-coenzyme A (HMG-coa) reductase. as HMG-coa reductase is responsible for converting HMG-coa to mevalonate, this results in a decrease in mevalonate, a precursor of cholesterol, and a subsequent decrease in hepatic cholesterol levels and increase in uptake of LDL cholesterol.",,,446157,"Pfefferkorn JA, Song Y, Sun KL, Miller SR, Trivedi BK, Choi C, Sorenson RJ, Bratton LD, Unangst PC, Larsen SD, Poel TJ, Cheng XM, Lee C, Erasga N, Auerbach B, Askew V, Dillon L, Hanselman JC, Lin Z, Lu G, Robertson A, Olsen K, Mertz T, Sekerke C, Pavlovsky A, Harris MS, Bainbridge G, Caspers N, Chen H, Eberstadt M. Design and synthesis of hepatoselective, pyrrole-based HMG-CoA reductase inhibitors. Bioorg Med Chem Lett. 2007 Aug 15;17(16):4538–44. doi: 10.1016/j.bmcl.2007.05.096. PMID: 17574412.|Medina-Franco JL, López-Vallejo F, Rodríguez-Morales S, Castillo R, Chamorro G, Tamariz J. Molecular docking of the highly hypolipidemic agent alpha-asarone with the catalytic portion of HMG-CoA reductase. Bioorg Med Chem Lett. 2005 Feb 15;15(4):989–94. doi: 10.1016/j.bmcl.2004.12.046. PMID: 15686898.|Thilagavathi R, Kumar R, Aparna V, Sobhia ME, Gopalakrishnan B, Chakraborti AK. Three-dimensional quantitative structure (3-D QSAR) activity relationship studies on imidazolyl and N-pyrrolyl heptenoates as 3-hydroxy-3-methylglutaryl-CoA reductase (HMGR) inhibitors by comparative molecular similarity indices analysis (CoMSIA). Bioorganic & Medicinal Chemistry Letters. 2005 Feb;15(4):1027–32. doi: 10.1016/j.bmcl.2004.12.042.|Chapman MJ, Caslake M, Packard C, McTaggart F. New dimension of statin action on ApoB atherogenicity. Clin Cardiol. 2003 Jan;26(1 Suppl 1):I7–10. PMID: 12539816; PMCID: PMC6653840.|Olsson AG, McTaggart F, Raza A. Rosuvastatin: a highly effective new HMG-CoA reductase inhibitor. Cardiovasc Drug Rev. 2002;20(4):303–28. doi: 10.1111/j.1527-3466.2002.tb00099.x. PMID: 12481202.|Chen X, Ji ZL, Chen YZ. TTD: Therapeutic Target Database. Nucleic Acids Res. 2002 Jan 01;30(1):412–5. PMID: 11752352; PMCID: PMC99057.|Davidson MH. Rosuvastatin: a highly efficacious statin for the treatment of dyslipidaemia. Expert Opin Investig Drugs. 2002 Jan;11(1):125–41. doi: 10.1517/13543784.11.1.125 . PMID: 11772327.|Hanefeld M. CLINICAL RATIONALE FOR ROSUVASTATIN, A POTENT NEW HMG-COA REDUCTASE INHIBITOR. Int J Clinical Practice. 2001 Jul;55(6):399–405. doi: 10.1111/j.1742-1241.2001.tb11071.x.|McTaggart F, Buckett L, Davidson R, Holdgate G, McCormick A, Schneck D, Smith G, Warwick M. Preclinical and clinical pharmacology of rosuvastatin, a new 3-hydroxy- 3-methylglutaryl coenzyme A reductase inhibitor11CRESTOR is a trademark, the property of AstraZeneca PLC. Research discussed in this article was supported by AstraZeneca. The American Journal of Cardiology. 2001 Mar;87(5):28–32. doi: 10.1016/s0002-9149(01)01454-0.",Rosuvastatin,,Toxin and Toxin Target Database (T3DB),PMID:11256847|PMID:11501230|PMID:11752352|PMID:11772327|PMID:12481202|PMID:12539816|PMID:15686898|PMID:15686906|PMID:17574412,https://www.ncbi.nlm.nih.gov/pubmed/11256847|https://www.ncbi.nlm.nih.gov/pubmed/11501230|https://www.ncbi.nlm.nih.gov/pubmed/11752352|https://www.ncbi.nlm.nih.gov/pubmed/11772327|https://www.ncbi.nlm.nih.gov/pubmed/12481202|https://www.ncbi.nlm.nih.gov/pubmed/12539816|https://www.ncbi.nlm.nih.gov/pubmed/15686898|https://www.ncbi.nlm.nih.gov/pubmed/15686906|https://www.ncbi.nlm.nih.gov/pubmed/17574412,3156,HMGCR,3644371|5026441|13204825|15262595|15262603|15987633|19957892|22600408|27411130,PMC6653840|PMC99057,11752352|11256847|11501230|11772327|12481202|12539816|15686898|17574412|15686906,P04035,3-hydroxy-3-methylglutaryl-coenzyme A reductase,6205,481107545,T3D2680,http://www.t3db.ca/toxins/T3D2680,BE0000574,3-hydroxy-3-methylglutaryl-coenzyme A reductase,http://www.t3db.ca/biodb/bio_entities/BE0000574,Rosuvastatin,9606,Homo sapiens (human)
,,,446157,,Rosuvastatin,,Drug Gene Interaction database (DGIdb),,,3156,HMGCR,,,,,,6205,481107545,,https://www.dgidb.org/drugs/rxcui:301542,,HMGCR,https://www.dgidb.org/genes/hgnc:5006,ROSUVASTATIN,9606,Homo sapiens (human)
,,,446157,,Rosuvastatin,,Drug Gene Interaction database (DGIdb),,,3171,FOXA3,,,,,,6205,481107545,,https://www.dgidb.org/drugs/rxcui:301542,,FOXA3,https://www.dgidb.org/genes/hgnc:5023,ROSUVASTATIN,9606,Homo sapiens (human)
,,,446157,,Rosuvastatin,,Drug Gene Interaction database (DGIdb),,,3172,HNF4A,,,,,,6205,481107545,,https://www.dgidb.org/drugs/rxcui:301542,,HNF4A,https://www.dgidb.org/genes/hgnc:5024,ROSUVASTATIN,9606,Homo sapiens (human)
Inhibitory allosteric modulator,,,446157,"Liao JK, Laufs U. PLEIOTROPIC EFFECTS OF STATINS. Annu. Rev. Pharmacol. Toxicol. 2005 Sep 22;45(1):89–118. doi: 10.1146/annurev.pharmtox.45.120403.095748.|Katano H, Pesnicak L, Cohen JI. Simvastatin induces apoptosis of Epstein-Barr virus (EBV)-transformed lymphoblastoid cell lines and delays development of EBV lymphomas. Proc. Natl. Acad. Sci. U.S.A. 2004 Mar 23;101(14):4960–5. doi: 10.1073/pnas.0305149101.|Weitz-Schmidt G, Welzenbach K, Brinkmann V, Kamata T, Kallen J, Bruns C, Cottens S, Takada Y, Hommel U. Statins selectively inhibit leukocyte function antigen-1 by binding to a novel regulatory integrin site. Nat Med. 2001 Jun;7(6):687–92. doi: 10.1038/89058. PMID: 11385505.",Rosuvastatin,,DrugBank,PMID:11385505|PMID:15041742|PMID:15822172,https://www.ncbi.nlm.nih.gov/pubmed/11385505|https://www.ncbi.nlm.nih.gov/pubmed/15041742|https://www.ncbi.nlm.nih.gov/pubmed/15822172,3683,ITGAL,310386|1656679|11132111,PMC2694580|PMC387356,11385505|15041742|15822172,P20701,Integrin alpha-L,6205,481107545,DB01098,https://www.drugbank.ca/drugs/DB01098,BE0000516,Integrin alpha-L,https://www.drugbank.ca/bio_entities/BE0000516,Rosuvastatin,9606,Homo sapiens (human)
,,,446157,,Rosuvastatin,,Drug Gene Interaction database (DGIdb),,,3949,LDLR,,,,,,6205,481107545,,https://www.dgidb.org/drugs/rxcui:301542,,LDLR,https://www.dgidb.org/genes/hgnc:6547,ROSUVASTATIN,9606,Homo sapiens (human)
,,,446157,,Rosuvastatin,,Drug Gene Interaction database (DGIdb),,,4018,LPA,,,,,,6205,481107545,,https://www.dgidb.org/drugs/rxcui:301542,,LPA,https://www.dgidb.org/genes/hgnc:6667,ROSUVASTATIN,9606,Homo sapiens (human)
"Rosuvastatin selectively and competitively inhibits the hepatic enzyme hydroxymethylglutaryl-coenzyme A (HMG-coa) reductase. as HMG-coa reductase is responsible for converting HMG-coa to mevalonate, this results in a decrease in mevalonate, a precursor of cholesterol, and a subsequent decrease in hepatic cholesterol levels and increase in uptake of LDL cholesterol.",,,446157,"Di Napoli P, Taccardi AA, Grilli A, De Lutiis MA, Barsotti A, Felaco M, De Caterina R. Chronic treatment with rosuvastatin modulates nitric oxide synthase expression and reduces ischemia-reperfusion injury in rat hearts. Cardiovasc Res. 2005 Jun 01;66(3):462–71. doi: 10.1016/j.cardiores.2005.02.008. PMID: 15914111.|Kilic E, Kilic U, Matter CM, Lüscher TF, Bassetti CL, Hermann DM. Aggravation of focal cerebral ischemia by tissue plasminogen activator is reversed by 3-hydroxy-3-methylglutaryl coenzyme A reductase inhibitor but does not depend on endothelial NO synthase. Stroke. 2005 Feb;36(2):332–6. doi: 10.1161/01.str.0000152273.24063.f7. PMID: 15625301.|Jones SP, Gibson MF, Rimmer DM, Gibson TM, Sharp BR, Lefer DJ. Direct vascular and cardioprotective effects of rosuvastatin, a new HMG-CoA reductase inhibitor. Journal of the American College of Cardiology. 2002 Sep;40(6):1172–8. doi: 10.1016/s0735-1097(02)02115-0.|Laufs U, Gertz K, Dirnagl U, Böhm M, Nickenig G, Endres M. Rosuvastatin, a new HMG-CoA reductase inhibitor, upregulates endothelial nitric oxide synthase and protects from ischemic stroke in mice. Brain Res. 2002 Jun 28;942(1-2):23–30. doi: 10.1016/s0006-8993(02)02649-5. PMID: 12031849.|Stalker TJ, Lefer AM, Scalia R. A new HMG-CoA reductase inhibitor, rosuvastatin, exerts anti-inflammatory effects on the microvascular endothelium: the role of mevalonic acid. British J Pharmacology. 2001 Jun;133(3):406–12. doi: 10.1038/sj.bjp.0704070.",Rosuvastatin,,Toxin and Toxin Target Database (T3DB),PMID:11375257|PMID:12031849|PMID:12354446|PMID:15625301|PMID:15914111,https://www.ncbi.nlm.nih.gov/pubmed/11375257|https://www.ncbi.nlm.nih.gov/pubmed/12031849|https://www.ncbi.nlm.nih.gov/pubmed/12354446|https://www.ncbi.nlm.nih.gov/pubmed/15625301|https://www.ncbi.nlm.nih.gov/pubmed/15914111,4846,NOS3,3023632|23337006|24762903|30089703|32096783,PMC1572789,11375257|12031849|12354446|15625301|15914111,P29474,Nitric oxide synthase 3,6205,481107545,T3D2680,http://www.t3db.ca/toxins/T3D2680,BE0000263,"Nitric oxide synthase, endothelial",http://www.t3db.ca/biodb/bio_entities/BE0000263,Rosuvastatin,9606,Homo sapiens (human)
,Kd,5.9,446157,,Rosuvastatin,,DrugCentral,,,5147,PDE6D,,,,O43924,"Retinal rod rhodopsin-sensitive cGMP 3',5'-cyclic phosphodiesterase subunit delta",6205,481107545,2406,https://drugcentral.org/drugcard/2406,3482,Phosphodiesterase 6D,https://drugcentral.org/target/O43924/view,rosuvastatin,9606,Homo sapiens (human)
,,,446157,,Rosuvastatin,,Drug Gene Interaction database (DGIdb),,,6256,RXRA,,,,,,6205,481107545,,https://www.dgidb.org/drugs/rxcui:301542,,RXRA,https://www.dgidb.org/genes/hgnc:10477,ROSUVASTATIN,9606,Homo sapiens (human)
,,,446157,"Ho RH, Tirona RG, Leake BF, Glaeser H, Lee W, Lemke CJ, Wang Y, Kim RB. Drug and bile acid transporters in rosuvastatin hepatic uptake: function, expression, and pharmacogenetics. Gastroenterology. 2006 May;130(6):1793–806. doi: 10.1053/j.gastro.2006.02.034. PMID: 16697742.",Rosuvastatin,,DrugBank,PMID:16697742,https://www.ncbi.nlm.nih.gov/pubmed/16697742,6554,SLC10A1,13951719,,16697742,Q14973,Hepatic sodium/bile acid cotransporter,6205,481107545,DB01098,https://www.drugbank.ca/drugs/DB01098,BE0003644,Hepatic sodium/bile acid cotransporter,https://www.drugbank.ca/bio_entities/BE0003644,Rosuvastatin,9606,Homo sapiens (human)
,,,446157,,Rosuvastatin,,Drug Gene Interaction database (DGIdb),,,6554,SLC10A1,,,,,,6205,481107545,,https://www.dgidb.org/drugs/rxcui:301542,,SLC10A1,https://www.dgidb.org/genes/hgnc:10905,ROSUVASTATIN,9606,Homo sapiens (human)
,,,446157,"Ho RH, Tirona RG, Leake BF, Glaeser H, Lee W, Lemke CJ, Wang Y, Kim RB. Drug and bile acid transporters in rosuvastatin hepatic uptake: function, expression, and pharmacogenetics. Gastroenterology. 2006 May;130(6):1793–806. doi: 10.1053/j.gastro.2006.02.034. PMID: 16697742.",Rosuvastatin,,DrugBank,PMID:16697742,https://www.ncbi.nlm.nih.gov/pubmed/16697742,6579,SLCO1A2,13951719,,16697742,P46721,Solute carrier organic anion transporter family member 1A2,6205,481107545,DB01098,https://www.drugbank.ca/drugs/DB01098,BE0003642,Solute carrier organic anion transporter family member 1A2,https://www.drugbank.ca/bio_entities/BE0003642,Rosuvastatin,9606,Homo sapiens (human)
,,,446157,,Rosuvastatin,,Drug Gene Interaction database (DGIdb),,,6927,HNF1A,,,,,,6205,481107545,,https://www.dgidb.org/drugs/rxcui:301542,,HNF1A,https://www.dgidb.org/genes/hgnc:11621,ROSUVASTATIN,9606,Homo sapiens (human)
Substrate,,,446157,"Jemnitz K, Veres Z, Tugyi R, Vereczkey L: Biliary efflux transporters involved in the clearance of rosuvastatin in sandwich culture of primary rat hepatocytes. Toxicol In Vitro. 2010 Mar;24(2):605-10. doi: 10.1016/j.tiv.2009.10.009. Epub 2009 Oct 21.",Rosuvastatin,,DrugBank,PMID:19853032,https://www.ncbi.nlm.nih.gov/pubmed/19853032,8647,ABCB11,1730718,,19853032,O95342,Bile salt export pump,6205,481107545,DB01098,https://www.drugbank.ca/drugs/DB01098,BE0000703,Bile salt export pump,https://www.drugbank.ca/bio_entities/BE0000703,Rosuvastatin,9606,Homo sapiens (human)
,,,446157,,Rosuvastatin,,Drug Gene Interaction database (DGIdb),,,8647,ABCB11,,,,,,6205,481107545,,https://www.dgidb.org/drugs/rxcui:301542,,ABCB11,https://www.dgidb.org/genes/hgnc:42,ROSUVASTATIN,9606,Homo sapiens (human)
Substrate|Inhibitor,,,446157,"VanWert AL, Gionfriddo MR, Sweet DH. Organic anion transporters: discovery, pharmacology, regulation and roles in pathophysiology. Biopharm Drug Dispos. 2010 Jan;31(1):1–71. doi: 10.1002/bdd.693. PMID: 19953504.|Windass AS, Lowes S, Wang Y, Brown CDA. The Contribution of Organic Anion Transporters OAT1 and OAT3 to the Renal Uptake of Rosuvastatin. The Journal of Pharmacology and Experimental Therapeutics. 2007 Sep;322(3):1221–7. doi: 10.1124/jpet.107.125831.",Rosuvastatin,,DrugBank,PMID:17585018|PMID:19953504,https://www.ncbi.nlm.nih.gov/pubmed/17585018|https://www.ncbi.nlm.nih.gov/pubmed/19953504,9376,SLC22A8,4462428|15997655,,17585018|19953504,Q8TCC7,Organic anion transporter 3,6205,481107545,DB01098,https://www.drugbank.ca/drugs/DB01098,BE0003645,Organic anion transporter 3,https://www.drugbank.ca/bio_entities/BE0003645,Rosuvastatin,9606,Homo sapiens (human)
Substrate,,,446157,"Elsby R, Hilgendorf C, Fenner K. Understanding the Critical Disposition Pathways of Statins to Assess Drug–Drug Interaction Risk During Drug Development: It's Not Just About OATP1B1. Clinical Pharmacology & Therapeutics. 2012 Oct 10;92(5):584–98. doi: 10.1038/clpt.2012.163.|Keskitalo JE, Zolk O, Fromm MF, Kurkinen KJ, Neuvonen PJ, Niemi M: ABCG2 polymorphism markedly affects the pharmacokinetics of atorvastatin and rosuvastatin. Clin Pharmacol Ther. 2009 Aug;86(2):197-203. doi: 10.1038/clpt.2009.79. Epub 2009 May 27.|Lee E, Ryan S, Birmingham B, Zalikowski J, March R, Ambrose H, Moore R, Lee C, Chen Y, Schneck D. Rosuvastatin pharmacokinetics and pharmacogenetics in white and Asian subjects residing in the same environment. Clinical Pharmacology & Therapeutics. 2005 Oct 05;78(4):330–41. doi: 10.1016/j.clpt.2005.06.013.",Rosuvastatin,,DrugBank,PMID:16198652|PMID:19474787|PMID:23047648,https://www.ncbi.nlm.nih.gov/pubmed/16198652|https://www.ncbi.nlm.nih.gov/pubmed/19474787|https://www.ncbi.nlm.nih.gov/pubmed/23047648,9429,ABCG2,11234254|20081076|28920910,,16198652|23047648|19474787,Q9UNQ0,Broad substrate specificity ATP-binding cassette transporter ABCG2,6205,481107545,DB01098,https://www.drugbank.ca/drugs/DB01098,BE0001067,Broad substrate specificity ATP-binding cassette transporter ABCG2,https://www.drugbank.ca/bio_entities/BE0001067,Rosuvastatin,9606,Homo sapiens (human)
"Rosuvastatin selectively and competitively inhibits the hepatic enzyme hydroxymethylglutaryl-coenzyme A (HMG-coa) reductase. as HMG-coa reductase is responsible for converting HMG-coa to mevalonate, this results in a decrease in mevalonate, a precursor of cholesterol, and a subsequent decrease in hepatic cholesterol levels and increase in uptake of LDL cholesterol.",,,446157,"Zhang W, Yu BN, He YJ, Fan L, Li Q, Liu ZQ, Wang A, Liu YL, Tan ZR, Fen-Jiang, Huang YF, Zhou HH. Role of BCRP 421C>A polymorphism on rosuvastatin pharmacokinetics in healthy Chinese males. Clin Chim Acta. 2006 Nov;373(1-2):99–103. doi: 10.1016/j.cca.2006.05.010. PMID: 16784736.|Huang L, Wang Y, Grimm S. ATP-dependent transport of rosuvastatin in membrane vesicles expressing breast cancer resistance protein. Drug Metab Dispos. 2006 May;34(5):738–42. doi: 10.1124/dmd.105.007534. PMID: 16415124.",Rosuvastatin,,Toxin and Toxin Target Database (T3DB),PMID:16415124|PMID:16784736,https://www.ncbi.nlm.nih.gov/pubmed/16415124|https://www.ncbi.nlm.nih.gov/pubmed/16784736,9429,ABCG2,9252116|10565210,,16415124|16784736,Q9UNQ0,Broad substrate specificity ATP-binding cassette transporter ABCG2,6205,481107545,T3D2680,http://www.t3db.ca/toxins/T3D2680,BE0001067,ATP-binding cassette sub-family G member 2,http://www.t3db.ca/biodb/bio_entities/BE0001067,Rosuvastatin,9606,Homo sapiens (human)
Substrate,,,446157,"Knauer MJ, Urquhart BL, Meyer zu Schwabedissen HE, Schwarz UI, Lemke CJ, Leake BF, Kim RB, Tirona RG: Human skeletal muscle drug transporters determine local exposure and toxicity of statins. Circ Res. 2010 Feb 5;106(2):297-306. doi: 10.1161/CIRCRESAHA.109.203596. Epub 2009 Nov 25.",Rosuvastatin,,DrugBank,PMID:19940267,https://www.ncbi.nlm.nih.gov/pubmed/19940267,10257,ABCC4,4449964,,19940267,O15439,ATP-binding cassette sub-family C member 4,6205,481107545,DB01098,https://www.drugbank.ca/drugs/DB01098,BE0001188,ATP-binding cassette sub-family C member 4,https://www.drugbank.ca/bio_entities/BE0001188,Rosuvastatin,9606,Homo sapiens (human)
Substrate|Inhibitor,,,446157,"van de Steeg E, Greupink R, Schreurs M, Nooijen IH, Verhoeckx KC, Hanemaaijer R, Ripken D, Monshouwer M, Vlaming ML, DeGroot J, Verwei M, Russel FG, Huisman MT, Wortelboer HM: Drug-drug interactions between rosuvastatin and oral antidiabetic drugs occurring at the level of OATP1B1. Drug Metab Dispos. 2013 Mar;41(3):592-601. doi: 10.1124/dmd.112.049023. Epub 2012 Dec 17.|Elsby R, Hilgendorf C, Fenner K. Understanding the Critical Disposition Pathways of Statins to Assess Drug–Drug Interaction Risk During Drug Development: It's Not Just About OATP1B1. Clinical Pharmacology & Therapeutics. 2012 Oct 10;92(5):584–98. doi: 10.1038/clpt.2012.163.|Karlgren M, Ahlin G, Bergstrom CA, Svensson R, Palm J, Artursson P: In vitro and in silico strategies to identify OATP1B1 inhibitors and predict clinical drug-drug interactions. Pharm Res. 2012 Feb;29(2):411-26. doi: 10.1007/s11095-011-0564-9. Epub 2011 Aug 23.",Rosuvastatin,,DrugBank,PMID:21861202|PMID:23047648|PMID:23248200,https://www.ncbi.nlm.nih.gov/pubmed/21861202|https://www.ncbi.nlm.nih.gov/pubmed/23047648|https://www.ncbi.nlm.nih.gov/pubmed/23248200,10599,SLCO1B1,6602107|9349255|28920910,PMC3264873,21861202|23047648|23248200,Q9Y6L6,Solute carrier organic anion transporter family member 1B1,6205,481107545,DB01098,https://www.drugbank.ca/drugs/DB01098,BE0001004,Solute carrier organic anion transporter family member 1B1,https://www.drugbank.ca/bio_entities/BE0001004,Rosuvastatin,9606,Homo sapiens (human)
,,,446157,,Rosuvastatin,,Drug Gene Interaction database (DGIdb),,,10599,SLCO1B1,,,,,,6205,481107545,,https://www.dgidb.org/drugs/rxcui:301542,,SLCO1B1,https://www.dgidb.org/genes/hgnc:10959,ROSUVASTATIN,9606,Homo sapiens (human)
,,,446157,"Ho RH, Tirona RG, Leake BF, Glaeser H, Lee W, Lemke CJ, Wang Y, Kim RB. Drug and bile acid transporters in rosuvastatin hepatic uptake: function, expression, and pharmacogenetics. Gastroenterology. 2006 May;130(6):1793–806. doi: 10.1053/j.gastro.2006.02.034. PMID: 16697742.",Rosuvastatin,,DrugBank,PMID:16697742,https://www.ncbi.nlm.nih.gov/pubmed/16697742,11309,SLCO2B1,13951719,,16697742,O94956,Solute carrier organic anion transporter family member 2B1,6205,481107545,DB01098,https://www.drugbank.ca/drugs/DB01098,BE0001042,Solute carrier organic anion transporter family member 2B1,https://www.drugbank.ca/bio_entities/BE0001042,Rosuvastatin,9606,Homo sapiens (human)
,,,446157,,Rosuvastatin,,Drug Gene Interaction database (DGIdb),,,22937,SCAP,,,,,,6205,481107545,,https://www.dgidb.org/drugs/rxcui:301542,,SCAP,https://www.dgidb.org/genes/hgnc:30634,ROSUVASTATIN,9606,Homo sapiens (human)
,,,446157,,Rosuvastatin,,Drug Gene Interaction database (DGIdb),,,23358,USP24,,,,,,6205,481107545,,https://www.dgidb.org/drugs/rxcui:301542,,USP24,https://www.dgidb.org/genes/hgnc:12623,ROSUVASTATIN,9606,Homo sapiens (human)
,,,446157,"Ho RH, Tirona RG, Leake BF, Glaeser H, Lee W, Lemke CJ, Wang Y, Kim RB. Drug and bile acid transporters in rosuvastatin hepatic uptake: function, expression, and pharmacogenetics. Gastroenterology. 2006 May;130(6):1793–806. doi: 10.1053/j.gastro.2006.02.034. PMID: 16697742.",Rosuvastatin,,DrugBank,PMID:16697742,https://www.ncbi.nlm.nih.gov/pubmed/16697742,23657,SLC7A11,13951719,,16697742,Q9UPY5,Cystine/glutamate transporter,6205,481107545,DB01098,https://www.drugbank.ca/drugs/DB01098,BE0000030,Cystine/glutamate transporter,https://www.drugbank.ca/bio_entities/BE0000030,Rosuvastatin,9606,Homo sapiens (human)
,IC50,8.68,446157,,Rosuvastatin,,DrugCentral,,,25675,Hmgcr,,,,P51639,3-hydroxy-3-methylglutaryl-coenzyme A reductase,6205,481107545,2406,https://drugcentral.org/drugcard/2406,1796,3-hydroxy-3-methylglutaryl-coenzyme A reductase,https://drugcentral.org/target/P51639/view,rosuvastatin,10116,Rattus norvegicus (Norway rat)
Competitive,pIC50,9.8,446157,"McTaggart F, Buckett L, Davidson R, Holdgate G, McCormick A, Schneck D, Smith G, Warwick M. Preclinical and clinical pharmacology of rosuvastatin, a new 3-hydroxy- 3-methylglutaryl coenzyme A reductase inhibitor11CRESTOR is a trademark, the property of AstraZeneca PLC. Research discussed in this article was supported by AstraZeneca. The American Journal of Cardiology. 2001 Mar;87(5):28–32. doi: 10.1016/s0002-9149(01)01454-0.",Rosuvastatin,,IUPHAR/BPS Guide to PHARMACOLOGY,PMID:11256847,https://www.ncbi.nlm.nih.gov/pubmed/11256847,25675,Hmgcr,22600408,,11256847,P51639,3-hydroxy-3-methylglutaryl-coenzyme A reductase,6205,481107545,2954,https://www.guidetopharmacology.org/GRAC/LigandDisplayForward?ligandId=2954,639,hydroxymethylglutaryl-CoA reductase,https://guidetopharmacology.org/GRAC/ObjectDisplayForward?objectId=639,rosuvastatin,10116,Rattus norvegicus (Norway rat)
,IC50 (nM),3.1,446157,"Ahmad S, Madsen CS, Stein PD, Janovitz E, Huang C, Ngu K, Bisaha S, Kennedy LJ, Chen B, Zhao R, Sitkoff D, Monshizadegan H, Yin X, Ryan CS, Zhang R, Giancarli M, Bird E, Chang M, Chen X, Setters R, Search D, Zhuang S, Nguyen-Tran V, Cuff CA, Harrity T, Darienzo CJ, Li T, Reeves RA, Blanar MA, Barrish JC, Zahler R, Robl JA. (3<i>R,</i>5<i>S,E</i>)-7-(4-(4-Fluorophenyl)-6-isopropyl-2-(methyl(1-methyl-1<i>H</i>-1,2,4-triazol-5-yl)amino)pyrimidin-5-yl)-3,5-dihydroxyhept-6-enoic Acid (BMS-644950): A Rationally Designed Orally Efficacious 3-Hydroxy-3-methylglutaryl Coenzyme-A Reductase Inhibitor with Reduced Myotoxicity Potential. J. Med. Chem. 2008 Apr 15;51(9):2722–33. doi: 10.1021/jm800001n.",Rosuvastatin,10.1021/jm800001n,BindingDB,PMID:18412317|DOI:10.1021/jm800001n,https://www.ncbi.nlm.nih.gov/pubmed/18412317|https://doi.org/10.1021/jm800001n,25675,Hmgcr,32197538,,18412317,P51639,3-hydroxy-3-methylglutaryl-coenzyme A reductase,,,18372,https://www.bindingdb.org/rwd/bind/chemsearch/marvin/MolStructure.jsp?monomerid=18372,2085,3-hydroxy-3-methylglutaryl-coenzyme A reductase,https://www.bindingdb.org/rwd/jsp/dbsearch/PrimarySearch_ki.jsp?tag=pol&polymerid=2085,CHEMBL1496,10116,Rattus norvegicus (Norway rat)
,IC50 (nM),3.1,446157,"Pfefferkorn JA, Choi C, Larsen SD, Auerbach B, Hutchings R, Park W, Askew V, Dillon L, Hanselman JC, Lin Z, Lu GH, Robertson A, Sekerke C, Harris MS, Pavlovsky A, Bainbridge G, Caspers N, Kowala M, Tait BD. Substituted Pyrazoles as Hepatoselective HMG-CoA Reductase Inhibitors: Discovery of (3<i>R</i>,5<i>R</i>)-7-[2-(4-Fluoro-phenyl)-4-isopropyl-5-(4-methyl-benzylcarbamoyl)-2<i>H</i>-pyrazol-3-yl]-3,5-dihydroxyheptanoic Acid (PF-3052334) as a Candidate for the Treatment of Hypercholesterolemia. J. Med. Chem. 2007 Dec 12;51(1):31–45. doi: 10.1021/jm070849r.",Rosuvastatin,10.1021/jm070849r,BindingDB,PMID:18072721|DOI:10.1021/jm070849r,https://www.ncbi.nlm.nih.gov/pubmed/18072721|https://doi.org/10.1021/jm070849r,25675,Hmgcr,26162826,,18072721,P51639,3-hydroxy-3-methylglutaryl-coenzyme A reductase,,,18372,https://www.bindingdb.org/rwd/bind/chemsearch/marvin/MolStructure.jsp?monomerid=18372,2085,3-hydroxy-3-methylglutaryl-coenzyme A reductase,https://www.bindingdb.org/rwd/jsp/dbsearch/PrimarySearch_ki.jsp?tag=pol&polymerid=2085,CHEMBL1496,10116,Rattus norvegicus (Norway rat)
,IC50 (nM),3.6,446157,"Bratton LD, Auerbach B, Choi C, Dillon L, Hanselman JC, Larsen SD, Lu G, Olsen K, Pfefferkorn JA, Robertson A, Sekerke C, Trivedi BK, Unangst PC. Discovery of pyrrole-based hepatoselective ligands as potent inhibitors of HMG-CoA reductase. Bioorg Med Chem. 2007 Aug 15;15(16):5576–89. doi: 10.1016/j.bmc.2007.05.031. PMID: 17560788.",Rosuvastatin,10.1016/j.bmc.2007.05.031,BindingDB,PMID:17560788|DOI:10.1016/j.bmc.2007.05.031,https://www.ncbi.nlm.nih.gov/pubmed/17560788|https://doi.org/10.1016/j.bmc.2007.05.031,25675,Hmgcr,24815911,,17560788,P51639,3-hydroxy-3-methylglutaryl-coenzyme A reductase,,,18372,https://www.bindingdb.org/rwd/bind/chemsearch/marvin/MolStructure.jsp?monomerid=18372,2085,3-hydroxy-3-methylglutaryl-coenzyme A reductase,https://www.bindingdb.org/rwd/jsp/dbsearch/PrimarySearch_ki.jsp?tag=pol&polymerid=2085,CHEMBL1496,10116,Rattus norvegicus (Norway rat)
,IC50 (nM),2.1,446157,"Larsen SD, Poel T, Filipski KJ, Kohrt JT, Pfefferkorn JA, Sorenson RJ, Tait BD, Askew V, Dillon L, Hanselman JC, Lu GH, Robertson A, Sekerke C, Kowala MC, Auerbach BJ. Pyrazole inhibitors of HMG-CoA reductase: An attempt to dramatically reduce synthetic complexity through minimal analog re-design. Bioorganic & Medicinal Chemistry Letters. 2007 Oct;17(20):5567–72. doi: 10.1016/j.bmcl.2007.08.004.",Rosuvastatin,10.1016/j.bmcl.2007.08.004,BindingDB,PMID:17764936|DOI:10.1016/j.bmcl.2007.08.004,https://www.ncbi.nlm.nih.gov/pubmed/17764936|https://doi.org/10.1016/j.bmcl.2007.08.004,25675,Hmgcr,30196516,,17764936,P51639,3-hydroxy-3-methylglutaryl-coenzyme A reductase,,,18372,https://www.bindingdb.org/rwd/bind/chemsearch/marvin/MolStructure.jsp?monomerid=18372,2085,3-hydroxy-3-methylglutaryl-coenzyme A reductase,https://www.bindingdb.org/rwd/jsp/dbsearch/PrimarySearch_ki.jsp?tag=pol&polymerid=2085,CHEMBL1496,10116,Rattus norvegicus (Norway rat)
,,,446157,"Ho RH, Tirona RG, Leake BF, Glaeser H, Lee W, Lemke CJ, Wang Y, Kim RB. Drug and bile acid transporters in rosuvastatin hepatic uptake: function, expression, and pharmacogenetics. Gastroenterology. 2006 May;130(6):1793–806. doi: 10.1053/j.gastro.2006.02.034. PMID: 16697742.",Rosuvastatin,,DrugBank,PMID:16697742,https://www.ncbi.nlm.nih.gov/pubmed/16697742,28234,SLCO1B3,13951719,,16697742,Q9NPD5,Solute carrier organic anion transporter family member 1B3,6205,481107545,DB01098,https://www.drugbank.ca/drugs/DB01098,BE0003659,Solute carrier organic anion transporter family member 1B3,https://www.drugbank.ca/bio_entities/BE0003659,Rosuvastatin,9606,Homo sapiens (human)
,,,446157,,Rosuvastatin,,Drug Gene Interaction database (DGIdb),,,116519,APOA5,,,,,,6205,481107545,,https://www.dgidb.org/drugs/rxcui:301542,,APOA5,https://www.dgidb.org/genes/hgnc:17288,ROSUVASTATIN,9606,Homo sapiens (human)
,,,446157,,Rosuvastatin,,Drug Gene Interaction database (DGIdb),,,221458,KIF6,,,,,,6205,481107545,,https://www.dgidb.org/drugs/rxcui:301542,,KIF6,https://www.dgidb.org/genes/hgnc:21202,ROSUVASTATIN,9606,Homo sapiens (human)
