action,cid,citations,cmpdname,dsn,evids,evurls,geneid,genename,pclids,pmcids,pmids,protacxn,protname,srccmpd,srccmpdname,srccmpdurl,srctarget,srctargetname,srctargeturl,taxid,taxname
Ginsenoside rb1 results in increased phosphorylation of AKT1 protein|pertussis toxin inhibits the reaction [ginsenoside rb1 results in increased phosphorylation of AKT1 protein]|2-(4-morpholinyl)-8-phenyl-4H-1-benzopyran-4-one inhibits the reaction [ginsenoside rb1 results in increased phosphorylation of AKT1 protein]|fulvestrant inhibits the reaction [ginsenoside rb1 results in increased phosphorylation of AKT1 protein],9898279,"Hwang YP, Jeong HG. Ginsenoside Rb1 protects against 6-hydroxydopamine-induced oxidative stress by increasing heme oxygenase-1 expression through an estrogen receptor-related PI3K/Akt/Nrf2-dependent pathway in human dopaminergic cells. Toxicol Appl Pharmacol. 2010 Jan 01;242(1):18–28. doi: 10.1016/j.taap.2009.09.009. PMID: 19781563.",Ginsenoside Rb1,Comparative Toxicogenomics Database (CTD),PMID:19781563,https://www.ncbi.nlm.nih.gov/pubmed/19781563,207,AKT1,28867610,,19781563,,,C442759,ginsenoside Rb1,https://ctdbase.org/detail.go?type=chem&acc=C442759,207,AKT1,https://ctdbase.org/detail.go?type=gene&acc=207,9606,Homo sapiens (human)
Ginsenoside rb1 inhibits the reaction [alpha-chlorohydrin results in decreased expression of ATP6V1A mrna],9898279,"Lu J, Lu J, Bu X, Li Y, Ge G, Guan S. Ginsenoside Rb1 alleviates liver injury induced by 3-chloro-1,2-propanediol by stimulating autophagic flux. Journal of Food Science. 2021 Nov 23;86(12):5503–15. doi: 10.1111/1750-3841.15968.",Ginsenoside Rb1,Comparative Toxicogenomics Database (CTD),PMID:34812491,https://www.ncbi.nlm.nih.gov/pubmed/34812491,523,ATP6V1A,11567484,,34812491,,,C442759,ginsenoside Rb1,https://ctdbase.org/detail.go?type=chem&acc=C442759,523,ATP6V1A,https://ctdbase.org/detail.go?type=gene&acc=523,9606,Homo sapiens (human)
Ginsenoside rb1 inhibits the reaction [alpha-chlorohydrin results in decreased expression of ATP6V1B2 mrna],9898279,"Lu J, Lu J, Bu X, Li Y, Ge G, Guan S. Ginsenoside Rb1 alleviates liver injury induced by 3-chloro-1,2-propanediol by stimulating autophagic flux. Journal of Food Science. 2021 Nov 23;86(12):5503–15. doi: 10.1111/1750-3841.15968.",Ginsenoside Rb1,Comparative Toxicogenomics Database (CTD),PMID:34812491,https://www.ncbi.nlm.nih.gov/pubmed/34812491,526,ATP6V1B2,11567484,,34812491,,,C442759,ginsenoside Rb1,https://ctdbase.org/detail.go?type=chem&acc=C442759,526,ATP6V1B2,https://ctdbase.org/detail.go?type=gene&acc=526,9606,Homo sapiens (human)
Ginsenoside rb1 inhibits the reaction [aluminum chloride results in decreased expression of BMP2 mrna]|ginsenoside rb1 results in increased expression of BMP2 mRNA,9898279,"Zhu Y, Hu C, Zheng P, Miao L, Yan X, Li H, Wang Z, Gao B, Li Y. Ginsenoside Rb1 alleviates aluminum chloride-induced rat osteoblasts dysfunction. Toxicology. 2016 Aug 10;368-369():183–8. doi: 10.1016/j.tox.2016.07.014. PMID: 27470910.",Ginsenoside Rb1,Comparative Toxicogenomics Database (CTD),PMID:27470910,https://www.ncbi.nlm.nih.gov/pubmed/27470910,650,BMP2,30374170,,27470910,,,C442759,ginsenoside Rb1,https://ctdbase.org/detail.go?type=chem&acc=C442759,650,BMP2,https://ctdbase.org/detail.go?type=gene&acc=650,10116,Rattus norvegicus (Norway rat)
Ginsenoside rb1 inhibits the reaction [alpha-chlorohydrin results in increased cleavage of CASP1 protein]|cyclosporine inhibits the reaction [ginsenoside rb1 inhibits the reaction [alpha-chlorohydrin results in increased cleavage of CASP1 protein]],9898279,"Zhang R, Guan S, Meng Z, Zhang D, Lu J. Ginsenoside Rb1 alleviates 3-MCPD-induced renal cell pyroptosis by activating mitophagy. Food Chem Toxicol. 2024 Apr;186():114522. doi: 10.1016/j.fct.2024.114522. PMID: 38373586.",Ginsenoside Rb1,Comparative Toxicogenomics Database (CTD),PMID:38373586,https://www.ncbi.nlm.nih.gov/pubmed/38373586,834,CASP1,36835912,,38373586,,,C442759,ginsenoside Rb1,https://ctdbase.org/detail.go?type=chem&acc=C442759,834,CASP1,https://ctdbase.org/detail.go?type=gene&acc=834,10090,Mus musculus (house mouse)
Ginsenoside rb1 inhibits the reaction [oxidopamine results in increased activity of CASP3 protein],9898279,"Hwang YP, Jeong HG. Ginsenoside Rb1 protects against 6-hydroxydopamine-induced oxidative stress by increasing heme oxygenase-1 expression through an estrogen receptor-related PI3K/Akt/Nrf2-dependent pathway in human dopaminergic cells. Toxicol Appl Pharmacol. 2010 Jan 01;242(1):18–28. doi: 10.1016/j.taap.2009.09.009. PMID: 19781563.",Ginsenoside Rb1,Comparative Toxicogenomics Database (CTD),PMID:19781563,https://www.ncbi.nlm.nih.gov/pubmed/19781563,836,CASP3,28867610,,19781563,,,C442759,ginsenoside Rb1,https://ctdbase.org/detail.go?type=chem&acc=C442759,836,CASP3,https://ctdbase.org/detail.go?type=gene&acc=836,9606,Homo sapiens (human)
Ginsenoside rb1 results in increased expression of RUNX2 mrna|ginsenoside rb1 inhibits the reaction [aluminum chloride results in decreased expression of RUNX2 mrna],9898279,"Zhu Y, Hu C, Zheng P, Miao L, Yan X, Li H, Wang Z, Gao B, Li Y. Ginsenoside Rb1 alleviates aluminum chloride-induced rat osteoblasts dysfunction. Toxicology. 2016 Aug 10;368-369():183–8. doi: 10.1016/j.tox.2016.07.014. PMID: 27470910.",Ginsenoside Rb1,Comparative Toxicogenomics Database (CTD),PMID:27470910,https://www.ncbi.nlm.nih.gov/pubmed/27470910,860,RUNX2,30374170,,27470910,,,C442759,ginsenoside Rb1,https://ctdbase.org/detail.go?type=chem&acc=C442759,860,RUNX2,https://ctdbase.org/detail.go?type=gene&acc=860,10116,Rattus norvegicus (Norway rat)
Ginsenoside rb1 inhibits the reaction [alpha-chlorohydrin results in decreased expression of CLCN7 mrna],9898279,"Lu J, Lu J, Bu X, Li Y, Ge G, Guan S. Ginsenoside Rb1 alleviates liver injury induced by 3-chloro-1,2-propanediol by stimulating autophagic flux. Journal of Food Science. 2021 Nov 23;86(12):5503–15. doi: 10.1111/1750-3841.15968.",Ginsenoside Rb1,Comparative Toxicogenomics Database (CTD),PMID:34812491,https://www.ncbi.nlm.nih.gov/pubmed/34812491,1186,CLCN7,11567484,,34812491,,,C442759,ginsenoside Rb1,https://ctdbase.org/detail.go?type=chem&acc=C442759,1186,CLCN7,https://ctdbase.org/detail.go?type=gene&acc=1186,9606,Homo sapiens (human)
Ginsenoside rb1 inhibits the reaction [alpha-chlorohydrin results in decreased expression of CTSB mrna],9898279,"Lu J, Lu J, Bu X, Li Y, Ge G, Guan S. Ginsenoside Rb1 alleviates liver injury induced by 3-chloro-1,2-propanediol by stimulating autophagic flux. Journal of Food Science. 2021 Nov 23;86(12):5503–15. doi: 10.1111/1750-3841.15968.",Ginsenoside Rb1,Comparative Toxicogenomics Database (CTD),PMID:34812491,https://www.ncbi.nlm.nih.gov/pubmed/34812491,1508,CTSB,11567484,,34812491,,,C442759,ginsenoside Rb1,https://ctdbase.org/detail.go?type=chem&acc=C442759,1508,CTSB,https://ctdbase.org/detail.go?type=gene&acc=1508,9606,Homo sapiens (human)
Ginsenoside rb1 inhibits the reaction [alpha-chlorohydrin results in decreased expression of CTSD mrna],9898279,"Lu J, Lu J, Bu X, Li Y, Ge G, Guan S. Ginsenoside Rb1 alleviates liver injury induced by 3-chloro-1,2-propanediol by stimulating autophagic flux. Journal of Food Science. 2021 Nov 23;86(12):5503–15. doi: 10.1111/1750-3841.15968.",Ginsenoside Rb1,Comparative Toxicogenomics Database (CTD),PMID:34812491,https://www.ncbi.nlm.nih.gov/pubmed/34812491,1509,CTSD,11567484,,34812491,,,C442759,ginsenoside Rb1,https://ctdbase.org/detail.go?type=chem&acc=C442759,1509,CTSD,https://ctdbase.org/detail.go?type=gene&acc=1509,9606,Homo sapiens (human)
Ginsenoside rb1 inhibits the reaction [TNFSF11 protein results in increased expression of FOS mrna],9898279,"Cheng B, Li J, Du J, Lv X, Weng L, Ling C. Ginsenoside Rb1 inhibits osteoclastogenesis by modulating NF-?B and MAPKs pathways. Food Chem Toxicol. 2012 May;50(5):1610–5. doi: 10.1016/j.fct.2012.02.019. PMID: 22386813.",Ginsenoside Rb1,Comparative Toxicogenomics Database (CTD),PMID:22386813,https://www.ncbi.nlm.nih.gov/pubmed/22386813,2353,FOS,24902658,,22386813,,,C442759,ginsenoside Rb1,https://ctdbase.org/detail.go?type=chem&acc=C442759,2353,FOS,https://ctdbase.org/detail.go?type=gene&acc=2353,10090,Mus musculus (house mouse)
[astragaloside A co-treated with ginsenoside rg1 co-treated with ginsenoside rb1 co-treated with notoginsenoside R1] results in increased expression of HMOX1 protein|[astragaloside A co-treated with ginsenoside rg1 co-treated with ginsenoside rb1 co-treated with notoginsenoside R1] results in increased expression of HMOX1 mRNA,9898279,"Huang XP, Qiu YY, Wang B, Ding H, Tang YH, Zeng R, Deng CQ. Effects of Astragaloside IV combined with the active components of Panax notoginseng on oxidative stress injury and nuclear factor-erythroid 2-related factor 2/heme oxygenase-1 signaling pathway after cerebral ischemia-reperfusion in mice. Pharmacogn Mag. 2014 Oct;10(40):402–9. PMID: 25422538; PMCID: PMC4239715.",Ginsenoside Rb1,Comparative Toxicogenomics Database (CTD),PMID:25422538,https://www.ncbi.nlm.nih.gov/pubmed/25422538,3162,HMOX1,15457008,PMC4239715,25422538,,,C442759,ginsenoside Rb1,https://ctdbase.org/detail.go?type=chem&acc=C442759,3162,HMOX1,https://ctdbase.org/detail.go?type=gene&acc=3162,10090,Mus musculus (house mouse)
2-(4-morpholinyl)-8-phenyl-4H-1-benzopyran-4-one inhibits the reaction [ginsenoside rb1 results in increased expression of HMOX1 protein]|ginsenoside rb1 results in increased expression of and results in increased activity of HMOX1 protein|pertussis toxin inhibits the reaction [ginsenoside rb1 results in increased expression of HMOX1 protein]|pertussis toxin inhibits the reaction [ginsenoside rb1 results in increased expression of HMOX1 mrna]|cycloheximide inhibits the reaction [ginsenoside rb1 results in increased expression of HMOX1 mrna]|cycloheximide inhibits the reaction [ginsenoside rb1 results in increased expression of HMOX1 protein]|fulvestrant inhibits the reaction [ginsenoside rb1 results in increased expression of HMOX1 mrna]|fulvestrant inhibits the reaction [ginsenoside rb1 results in increased expression of HMOX1 protein]|dactinomycin inhibits the reaction [ginsenoside rb1 results in increased expression of HMOX1 mrna]|ginsenoside rb1 results in increased expression of HMOX1 mrna|dactinomycin inhibits the reaction [ginsenoside rb1 results in increased expression of HMOX1 protein],9898279,"Hwang YP, Jeong HG. Ginsenoside Rb1 protects against 6-hydroxydopamine-induced oxidative stress by increasing heme oxygenase-1 expression through an estrogen receptor-related PI3K/Akt/Nrf2-dependent pathway in human dopaminergic cells. Toxicol Appl Pharmacol. 2010 Jan 01;242(1):18–28. doi: 10.1016/j.taap.2009.09.009. PMID: 19781563.",Ginsenoside Rb1,Comparative Toxicogenomics Database (CTD),PMID:19781563,https://www.ncbi.nlm.nih.gov/pubmed/19781563,3162,HMOX1,28867610,,19781563,,,C442759,ginsenoside Rb1,https://ctdbase.org/detail.go?type=chem&acc=C442759,3162,HMOX1,https://ctdbase.org/detail.go?type=gene&acc=3162,9606,Homo sapiens (human)
Ginsenoside rb1 results in increased expression of IGF1 mrna|ginsenoside rb1 inhibits the reaction [aluminum chloride results in decreased expression of IGF1 mrna],9898279,"Zhu Y, Hu C, Zheng P, Miao L, Yan X, Li H, Wang Z, Gao B, Li Y. Ginsenoside Rb1 alleviates aluminum chloride-induced rat osteoblasts dysfunction. Toxicology. 2016 Aug 10;368-369():183–8. doi: 10.1016/j.tox.2016.07.014. PMID: 27470910.",Ginsenoside Rb1,Comparative Toxicogenomics Database (CTD),PMID:27470910,https://www.ncbi.nlm.nih.gov/pubmed/27470910,3479,IGF1,30374170,,27470910,,,C442759,ginsenoside Rb1,https://ctdbase.org/detail.go?type=chem&acc=C442759,3479,IGF1,https://ctdbase.org/detail.go?type=gene&acc=3479,10116,Rattus norvegicus (Norway rat)
Ginsenoside rb1 inhibits the reaction [alpha-chlorohydrin results in increased secretion of IL1B protein]|ginsenoside rb1 inhibits the reaction [alpha-chlorohydrin results in increased expression of and results in increased secretion of IL1B protein],9898279,"Zhang R, Guan S, Meng Z, Zhang D, Lu J. Ginsenoside Rb1 alleviates 3-MCPD-induced renal cell pyroptosis by activating mitophagy. Food Chem Toxicol. 2024 Apr;186():114522. doi: 10.1016/j.fct.2024.114522. PMID: 38373586.",Ginsenoside Rb1,Comparative Toxicogenomics Database (CTD),PMID:38373586,https://www.ncbi.nlm.nih.gov/pubmed/38373586,3553,IL1B,36835912,,38373586,,,C442759,ginsenoside Rb1,https://ctdbase.org/detail.go?type=chem&acc=C442759,3553,IL1B,https://ctdbase.org/detail.go?type=gene&acc=3553,10090,Mus musculus (house mouse)
Ginsenoside rb1 inhibits the reaction [lipopolysaccharides results in increased secretion of IL6 protein],9898279,"Sun K, Wang CS, Guo J, Horie Y, Fang SP, Wang F, Liu YY, Liu LY, Yang JY, Fan JY, Han JY. Protective effects of ginsenoside Rb1, ginsenoside Rg1, and notoginsenoside R1 on lipopolysaccharide-induced microcirculatory disturbance in rat mesentery. Life Sci. 2007 Jul 19;81(6):509–18. doi: 10.1016/j.lfs.2007.06.008. PMID: 17655881.",Ginsenoside Rb1,Comparative Toxicogenomics Database (CTD),PMID:17655881,https://www.ncbi.nlm.nih.gov/pubmed/17655881,3569,IL6,25515255,,17655881,,,C442759,ginsenoside Rb1,https://ctdbase.org/detail.go?type=chem&acc=C442759,3569,IL6,https://ctdbase.org/detail.go?type=gene&acc=3569,10116,Rattus norvegicus (Norway rat)
Ginsenoside rb1 inhibits the reaction [alpha-chlorohydrin results in increased expression of and results in increased secretion of IL18 protein]|ginsenoside rb1 inhibits the reaction [alpha-chlorohydrin results in increased secretion of IL18 protein],9898279,"Zhang R, Guan S, Meng Z, Zhang D, Lu J. Ginsenoside Rb1 alleviates 3-MCPD-induced renal cell pyroptosis by activating mitophagy. Food Chem Toxicol. 2024 Apr;186():114522. doi: 10.1016/j.fct.2024.114522. PMID: 38373586.",Ginsenoside Rb1,Comparative Toxicogenomics Database (CTD),PMID:38373586,https://www.ncbi.nlm.nih.gov/pubmed/38373586,3606,IL18,36835912,,38373586,,,C442759,ginsenoside Rb1,https://ctdbase.org/detail.go?type=chem&acc=C442759,3606,IL18,https://ctdbase.org/detail.go?type=gene&acc=3606,10090,Mus musculus (house mouse)
Ginsenoside rb1 inhibits the reaction [lipopolysaccharides results in increased expression of ITGAM protein],9898279,"Sun K, Wang CS, Guo J, Horie Y, Fang SP, Wang F, Liu YY, Liu LY, Yang JY, Fan JY, Han JY. Protective effects of ginsenoside Rb1, ginsenoside Rg1, and notoginsenoside R1 on lipopolysaccharide-induced microcirculatory disturbance in rat mesentery. Life Sci. 2007 Jul 19;81(6):509–18. doi: 10.1016/j.lfs.2007.06.008. PMID: 17655881.",Ginsenoside Rb1,Comparative Toxicogenomics Database (CTD),PMID:17655881,https://www.ncbi.nlm.nih.gov/pubmed/17655881,3684,ITGAM,25515255,,17655881,,,C442759,ginsenoside Rb1,https://ctdbase.org/detail.go?type=chem&acc=C442759,3684,ITGAM,https://ctdbase.org/detail.go?type=gene&acc=3684,10116,Rattus norvegicus (Norway rat)
Ginsenoside rb1 inhibits the reaction [lipopolysaccharides results in increased expression of ITGB2 protein],9898279,"Sun K, Wang CS, Guo J, Horie Y, Fang SP, Wang F, Liu YY, Liu LY, Yang JY, Fan JY, Han JY. Protective effects of ginsenoside Rb1, ginsenoside Rg1, and notoginsenoside R1 on lipopolysaccharide-induced microcirculatory disturbance in rat mesentery. Life Sci. 2007 Jul 19;81(6):509–18. doi: 10.1016/j.lfs.2007.06.008. PMID: 17655881.",Ginsenoside Rb1,Comparative Toxicogenomics Database (CTD),PMID:17655881,https://www.ncbi.nlm.nih.gov/pubmed/17655881,3689,ITGB2,25515255,,17655881,,,C442759,ginsenoside Rb1,https://ctdbase.org/detail.go?type=chem&acc=C442759,3689,ITGB2,https://ctdbase.org/detail.go?type=gene&acc=3689,10116,Rattus norvegicus (Norway rat)
Ginsenoside rb1 results in increased expression of KCNE1,9898279,"Kim YY, Ku JB, Liu HC, Ku SY, Kim SH, Choi YM. Ginsenosides may enhance the functionality of human embryonic stem cell-derived cardiomyocytes in vitro. Reprod Sci. 2014 Oct;21(10):1312–8. doi: 10.1177/1933719114525269. PMID: 24615935.",Ginsenoside Rb1,Comparative Toxicogenomics Database (CTD),PMID:24615935,https://www.ncbi.nlm.nih.gov/pubmed/24615935,3753,KCNE1,33002937,,24615935,,,C442759,ginsenoside Rb1,https://ctdbase.org/detail.go?type=chem&acc=C442759,3753,KCNE1,https://ctdbase.org/detail.go?type=gene&acc=3753,9606,Homo sapiens (human)
Ginsenoside rb1 affects the activity of KCNH2 protein,9898279,"Kim CS, Son SJ, Kim HS, Kim YD, Lee KS, Jeon BH, Kim KJ, Park JK, Park JB. Modulating effect of ginseng saponins on heterologously expressed HERG currents in Xenopus oocytes. Acta Pharmacol Sin. 2005 May;26(5):551–8. doi: 10.1111/j.1745-7254.2005.00116.x. PMID: 15842772.",Ginsenoside Rb1,Comparative Toxicogenomics Database (CTD),PMID:15842772,https://www.ncbi.nlm.nih.gov/pubmed/15842772,3757,KCNH2,7860078,,15842772,,,C442759,ginsenoside Rb1,https://ctdbase.org/detail.go?type=chem&acc=C442759,3757,KCNH2,https://ctdbase.org/detail.go?type=gene&acc=3757,9606,Homo sapiens (human)
Ginsenoside rb1 inhibits the reaction [alpha-chlorohydrin results in decreased expression of LAMP1 mrna],9898279,"Lu J, Lu J, Bu X, Li Y, Ge G, Guan S. Ginsenoside Rb1 alleviates liver injury induced by 3-chloro-1,2-propanediol by stimulating autophagic flux. Journal of Food Science. 2021 Nov 23;86(12):5503–15. doi: 10.1111/1750-3841.15968.",Ginsenoside Rb1,Comparative Toxicogenomics Database (CTD),PMID:34812491,https://www.ncbi.nlm.nih.gov/pubmed/34812491,3916,LAMP1,11567484,,34812491,,,C442759,ginsenoside Rb1,https://ctdbase.org/detail.go?type=chem&acc=C442759,3916,LAMP1,https://ctdbase.org/detail.go?type=gene&acc=3916,9606,Homo sapiens (human)
Chloroquine inhibits the reaction [ginsenoside rb1 inhibits the reaction [alpha-chlorohydrin results in increased secretion of LDHA protein]]|ginsenoside rb1 inhibits the reaction [alpha-chlorohydrin results in increased secretion of LDHA protein],9898279,"Zhang R, Guan S, Meng Z, Zhang D, Lu J. Ginsenoside Rb1 alleviates 3-MCPD-induced renal cell pyroptosis by activating mitophagy. Food Chem Toxicol. 2024 Apr;186():114522. doi: 10.1016/j.fct.2024.114522. PMID: 38373586.",Ginsenoside Rb1,Comparative Toxicogenomics Database (CTD),PMID:38373586,https://www.ncbi.nlm.nih.gov/pubmed/38373586,3939,LDHA,36835912,,38373586,,,C442759,ginsenoside Rb1,https://ctdbase.org/detail.go?type=chem&acc=C442759,3939,LDHA,https://ctdbase.org/detail.go?type=gene&acc=3939,10090,Mus musculus (house mouse)
Ginsenoside rb1 results in increased expression of MAP2 mRNA,9898279,"Kim MS, Yu JM, Kim HJ, Kim HB, Kim ST, Jang SK, Choi YW, Lee DI, Joo SS. Ginsenoside Re and Rd Enhance the Expression of Cholinergic Markers and Neuronal Differentiation in Neuro-2a Cells. Biological & Pharmaceutical Bulletin. 2014;37(5):826–33. doi: 10.1248/bpb.b14-00011.",Ginsenoside Rb1,Comparative Toxicogenomics Database (CTD),PMID:24599032,https://www.ncbi.nlm.nih.gov/pubmed/24599032,4133,MAP2,32988640,,24599032,,,C442759,ginsenoside Rb1,https://ctdbase.org/detail.go?type=chem&acc=C442759,4133,MAP2,https://ctdbase.org/detail.go?type=gene&acc=4133,10090,Mus musculus (house mouse)
Ginsenoside rb1 inhibits the reaction [TNFSF11 protein results in increased expression of NFATC1 mrna],9898279,"Cheng B, Li J, Du J, Lv X, Weng L, Ling C. Ginsenoside Rb1 inhibits osteoclastogenesis by modulating NF-?B and MAPKs pathways. Food Chem Toxicol. 2012 May;50(5):1610–5. doi: 10.1016/j.fct.2012.02.019. PMID: 22386813.",Ginsenoside Rb1,Comparative Toxicogenomics Database (CTD),PMID:22386813,https://www.ncbi.nlm.nih.gov/pubmed/22386813,4772,NFATC1,24902658,,22386813,,,C442759,ginsenoside Rb1,https://ctdbase.org/detail.go?type=chem&acc=C442759,4772,NFATC1,https://ctdbase.org/detail.go?type=gene&acc=4772,10090,Mus musculus (house mouse)
Ginsenoside rb1 affects the localization of NFE2L2 protein|[astragaloside A co-treated with ginsenoside rg1 co-treated with ginsenoside rb1 co-treated with notoginsenoside R1] affects the localization of NFE2L2 protein,9898279,"Huang XP, Qiu YY, Wang B, Ding H, Tang YH, Zeng R, Deng CQ. Effects of Astragaloside IV combined with the active components of Panax notoginseng on oxidative stress injury and nuclear factor-erythroid 2-related factor 2/heme oxygenase-1 signaling pathway after cerebral ischemia-reperfusion in mice. Pharmacogn Mag. 2014 Oct;10(40):402–9. PMID: 25422538; PMCID: PMC4239715.",Ginsenoside Rb1,Comparative Toxicogenomics Database (CTD),PMID:25422538,https://www.ncbi.nlm.nih.gov/pubmed/25422538,4780,NFE2L2,15457008,PMC4239715,25422538,,,C442759,ginsenoside Rb1,https://ctdbase.org/detail.go?type=chem&acc=C442759,4780,NFE2L2,https://ctdbase.org/detail.go?type=gene&acc=4780,10090,Mus musculus (house mouse)
Ginsenoside rb1 results in increased expression of NFE2L2 mrna|[ginsenoside rb1 co-treated with ginsenoside 20S-protopanaxatriol] results in increased expression of NFE2L2 protein,9898279,"Saw CL, Yang AY, Cheng DC, Boyanapalli SS, Su ZY, Khor TO, Gao S, Wang J, Jiang ZH, Kong AN. Pharmacodynamics of ginsenosides: antioxidant activities, activation of Nrf2, and potential synergistic effects of combinations. Chem Res Toxicol. 2012 Aug 20;25(8):1574–80. PMID: 22780686; PMCID: PMC4834031.",Ginsenoside Rb1,Comparative Toxicogenomics Database (CTD),PMID:22780686,https://www.ncbi.nlm.nih.gov/pubmed/22780686,4780,NFE2L2,1109234,PMC4834031,22780686,,,C442759,ginsenoside Rb1,https://ctdbase.org/detail.go?type=chem&acc=C442759,4780,NFE2L2,https://ctdbase.org/detail.go?type=gene&acc=4780,9606,Homo sapiens (human)
2-(4-morpholinyl)-8-phenyl-4H-1-benzopyran-4-one inhibits the reaction [ginsenoside rb1 results in increased localization of NFE2L2 protein]|pertussis toxin inhibits the reaction [ginsenoside rb1 results in increased localization of NFE2L2 protein]|ginsenoside rb1 results in increased activity of and results in increased localization of NFE2L2 protein|fulvestrant inhibits the reaction [ginsenoside rb1 results in increased localization of NFE2L2 protein],9898279,"Hwang YP, Jeong HG. Ginsenoside Rb1 protects against 6-hydroxydopamine-induced oxidative stress by increasing heme oxygenase-1 expression through an estrogen receptor-related PI3K/Akt/Nrf2-dependent pathway in human dopaminergic cells. Toxicol Appl Pharmacol. 2010 Jan 01;242(1):18–28. doi: 10.1016/j.taap.2009.09.009. PMID: 19781563.",Ginsenoside Rb1,Comparative Toxicogenomics Database (CTD),PMID:19781563,https://www.ncbi.nlm.nih.gov/pubmed/19781563,4780,NFE2L2,28867610,,19781563,,,C442759,ginsenoside Rb1,https://ctdbase.org/detail.go?type=chem&acc=C442759,4780,NFE2L2,https://ctdbase.org/detail.go?type=gene&acc=4780,9606,Homo sapiens (human)
Ginsenoside rb1 promotes the reaction [adenosine triphosphate results in increased activity of P2RX4 protein],9898279,"Dhuna K, Felgate M, Bidula SM, Walpole S, Bibic L, Cromer BA, Angulo J, Sanderson J, Stebbing MJ, Stokes L. Ginsenosides Act As Positive Modulators of P2X4 Receptors. Molecular Pharmacology. 2019 Feb;95(2):210–21. doi: 10.1124/mol.118.113696.",Ginsenoside Rb1,Comparative Toxicogenomics Database (CTD),PMID:30545933,https://www.ncbi.nlm.nih.gov/pubmed/30545933,5025,P2RX4,25737863,PMC6334005,30545933,,,C442759,ginsenoside Rb1,https://ctdbase.org/detail.go?type=chem&acc=C442759,5025,P2RX4,https://ctdbase.org/detail.go?type=gene&acc=5025,9606,Homo sapiens (human)
Ginsenoside rb1 results in increased expression of PGR protein,9898279,"Bae EA, Shin JE, Kim DH. Metabolism of ginsenoside Re by human intestinal microflora and its estrogenic effect. Biol Pharm Bull. 2005 Oct;28(10):1903–8. doi: 10.1248/bpb.28.1903. PMID: 16204943.",Ginsenoside Rb1,Comparative Toxicogenomics Database (CTD),PMID:16204943,https://www.ncbi.nlm.nih.gov/pubmed/16204943,5241,PGR,11240081,,16204943,,,C442759,ginsenoside Rb1,https://ctdbase.org/detail.go?type=chem&acc=C442759,5241,PGR,https://ctdbase.org/detail.go?type=gene&acc=5241,9606,Homo sapiens (human)
Ginsenoside rb1 inhibits the reaction [TNFSF11 protein affects the localization of RELA protein],9898279,"Cheng B, Li J, Du J, Lv X, Weng L, Ling C. Ginsenoside Rb1 inhibits osteoclastogenesis by modulating NF-?B and MAPKs pathways. Food Chem Toxicol. 2012 May;50(5):1610–5. doi: 10.1016/j.fct.2012.02.019. PMID: 22386813.",Ginsenoside Rb1,Comparative Toxicogenomics Database (CTD),PMID:22386813,https://www.ncbi.nlm.nih.gov/pubmed/22386813,5970,RELA,24902658,,22386813,,,C442759,ginsenoside Rb1,https://ctdbase.org/detail.go?type=chem&acc=C442759,5970,RELA,https://ctdbase.org/detail.go?type=gene&acc=5970,10090,Mus musculus (house mouse)
Ginsenoside rb1 results in increased expression of TGFB1 mrna|ginsenoside rb1 inhibits the reaction [aluminum chloride results in decreased expression of TGFB1 mrna],9898279,"Zhu Y, Hu C, Zheng P, Miao L, Yan X, Li H, Wang Z, Gao B, Li Y. Ginsenoside Rb1 alleviates aluminum chloride-induced rat osteoblasts dysfunction. Toxicology. 2016 Aug 10;368-369():183–8. doi: 10.1016/j.tox.2016.07.014. PMID: 27470910.",Ginsenoside Rb1,Comparative Toxicogenomics Database (CTD),PMID:27470910,https://www.ncbi.nlm.nih.gov/pubmed/27470910,7040,TGFB1,30374170,,27470910,,,C442759,ginsenoside Rb1,https://ctdbase.org/detail.go?type=chem&acc=C442759,7040,TGFB1,https://ctdbase.org/detail.go?type=gene&acc=7040,10116,Rattus norvegicus (Norway rat)
Ginsenoside rb1 inhibits the reaction [TNFSF11 protein results in increased expression of TNF mrna],9898279,"Cheng B, Li J, Du J, Lv X, Weng L, Ling C. Ginsenoside Rb1 inhibits osteoclastogenesis by modulating NF-?B and MAPKs pathways. Food Chem Toxicol. 2012 May;50(5):1610–5. doi: 10.1016/j.fct.2012.02.019. PMID: 22386813.",Ginsenoside Rb1,Comparative Toxicogenomics Database (CTD),PMID:22386813,https://www.ncbi.nlm.nih.gov/pubmed/22386813,7124,TNF,24902658,,22386813,,,C442759,ginsenoside Rb1,https://ctdbase.org/detail.go?type=chem&acc=C442759,7124,TNF,https://ctdbase.org/detail.go?type=gene&acc=7124,10090,Mus musculus (house mouse)
Ginsenoside rb1 inhibits the reaction [alpha-chlorohydrin results in decreased expression of and affects the localization of TFEB protein]|tfeb protein promotes the reaction [ginsenoside rb1 inhibits the reaction [alpha-chlorohydrin results in decreased expression of PARK protein]]|tfeb protein promotes the reaction [ginsenoside rb1 inhibits the reaction [alpha-chlorohydrin results in decreased expression of PINK1 protein]]|tfeb protein promotes the reaction [ginsenoside rb1 inhibits the reaction [alpha-chlorohydrin results in increased expression of SQSTM1 protein]],9898279,"Zhang R, Guan S, Meng Z, Zhang D, Lu J. Ginsenoside Rb1 alleviates 3-MCPD-induced renal cell pyroptosis by activating mitophagy. Food Chem Toxicol. 2024 Apr;186():114522. doi: 10.1016/j.fct.2024.114522. PMID: 38373586.",Ginsenoside Rb1,Comparative Toxicogenomics Database (CTD),PMID:38373586,https://www.ncbi.nlm.nih.gov/pubmed/38373586,7942,TFEB,36835912,,38373586,,,C442759,ginsenoside Rb1,https://ctdbase.org/detail.go?type=chem&acc=C442759,7942,TFEB,https://ctdbase.org/detail.go?type=gene&acc=7942,10090,Mus musculus (house mouse)
Ginsenoside rb1 inhibits the reaction [alpha-chlorohydrin results in decreased expression of TFEB mrna]|[ginsenoside rb1 co-treated with alpha-chlorohydrin] affects the localization of TFEB protein,9898279,"Lu J, Lu J, Bu X, Li Y, Ge G, Guan S. Ginsenoside Rb1 alleviates liver injury induced by 3-chloro-1,2-propanediol by stimulating autophagic flux. Journal of Food Science. 2021 Nov 23;86(12):5503–15. doi: 10.1111/1750-3841.15968.",Ginsenoside Rb1,Comparative Toxicogenomics Database (CTD),PMID:34812491,https://www.ncbi.nlm.nih.gov/pubmed/34812491,7942,TFEB,11567484,,34812491,,,C442759,ginsenoside Rb1,https://ctdbase.org/detail.go?type=chem&acc=C442759,7942,TFEB,https://ctdbase.org/detail.go?type=gene&acc=7942,9606,Homo sapiens (human)
Ginsenoside rb1 inhibits the reaction [TNFSF11 protein affects the localization of RELA protein]|ginsenoside rb1 inhibits the reaction [TNFSF11 protein results in increased expression of NFATC1 mrna]|ginsenoside rb1 results in decreased susceptibility to TNFSF11 protein|ginsenoside rb1 inhibits the reaction [TNFSF11 protein results in increased expression of TNF mrna]|ginsenoside rb1 inhibits the reaction [TNFSF11 protein results in increased expression of FOS mrna],9898279,"Cheng B, Li J, Du J, Lv X, Weng L, Ling C. Ginsenoside Rb1 inhibits osteoclastogenesis by modulating NF-?B and MAPKs pathways. Food Chem Toxicol. 2012 May;50(5):1610–5. doi: 10.1016/j.fct.2012.02.019. PMID: 22386813.",Ginsenoside Rb1,Comparative Toxicogenomics Database (CTD),PMID:22386813,https://www.ncbi.nlm.nih.gov/pubmed/22386813,8600,TNFSF11,24902658,,22386813,,,C442759,ginsenoside Rb1,https://ctdbase.org/detail.go?type=chem&acc=C442759,8600,TNFSF11,https://ctdbase.org/detail.go?type=gene&acc=8600,10090,Mus musculus (house mouse)
TFEB protein promotes the reaction [ginsenoside rb1 inhibits the reaction [alpha-chlorohydrin results in increased expression of SQSTM1 protein]]|cyclosporine inhibits the reaction [ginsenoside rb1 inhibits the reaction [alpha-chlorohydrin results in increased expression of SQSTM1 protein]]|ginsenoside rb1 inhibits the reaction [alpha-chlorohydrin results in increased expression of SQSTM1 protein],9898279,"Zhang R, Guan S, Meng Z, Zhang D, Lu J. Ginsenoside Rb1 alleviates 3-MCPD-induced renal cell pyroptosis by activating mitophagy. Food Chem Toxicol. 2024 Apr;186():114522. doi: 10.1016/j.fct.2024.114522. PMID: 38373586.",Ginsenoside Rb1,Comparative Toxicogenomics Database (CTD),PMID:38373586,https://www.ncbi.nlm.nih.gov/pubmed/38373586,8878,SQSTM1,36835912,,38373586,,,C442759,ginsenoside Rb1,https://ctdbase.org/detail.go?type=chem&acc=C442759,8878,SQSTM1,https://ctdbase.org/detail.go?type=gene&acc=8878,10116,Rattus norvegicus (Norway rat)
Ginsenoside rb1 results in decreased expression of SQSTM1 protein|ginsenoside rb1 inhibits the reaction [alpha-chlorohydrin results in increased expression of SQSTM1 protein],9898279,"Lu J, Lu J, Bu X, Li Y, Ge G, Guan S. Ginsenoside Rb1 alleviates liver injury induced by 3-chloro-1,2-propanediol by stimulating autophagic flux. Journal of Food Science. 2021 Nov 23;86(12):5503–15. doi: 10.1111/1750-3841.15968.",Ginsenoside Rb1,Comparative Toxicogenomics Database (CTD),PMID:34812491,https://www.ncbi.nlm.nih.gov/pubmed/34812491,8878,SQSTM1,11567484,,34812491,,,C442759,ginsenoside Rb1,https://ctdbase.org/detail.go?type=chem&acc=C442759,8878,SQSTM1,https://ctdbase.org/detail.go?type=gene&acc=8878,9606,Homo sapiens (human)
Inhibitor,9898279,"Jiang R, Dong J, Li X, Du F, Jia W, Xu F, Wang F, Yang J, Niu W, Li C. Molecular mechanisms governing different pharmacokinetics of ginsenosides and potential for ginsenoside-perpetrated herb–drug interactions on <scp>OATP</scp>1<scp>B</scp>3. British J Pharmacology. 2015 Jan 20;172(4):1059–73. doi: 10.1111/bph.12971.",Ginsenoside Rb1,DrugBank,PMID:25297453,https://www.ncbi.nlm.nih.gov/pubmed/25297453,28234,SLCO1B3,24278804,PMC4314195,25297453,Q9NPD5,Solute carrier organic anion transporter family member 1B3,DB06749,Ginsenoside Rb1,https://www.drugbank.ca/drugs/DB06749,BE0003659,Solute carrier organic anion transporter family member 1B3,https://www.drugbank.ca/bio_entities/BE0003659,9606,Homo sapiens (human)
Ginsenoside rb1 binds to and results in decreased activity of SLCO1B3 protein,9898279,"Jiang R, Dong J, Li X, Du F, Jia W, Xu F, Wang F, Yang J, Niu W, Li C. Molecular mechanisms governing different pharmacokinetics of ginsenosides and potential for ginsenoside-perpetrated herb–drug interactions on <scp>OATP</scp>1<scp>B</scp>3. British J Pharmacology. 2015 Jan 20;172(4):1059–73. doi: 10.1111/bph.12971.",Ginsenoside Rb1,Comparative Toxicogenomics Database (CTD),PMID:25297453,https://www.ncbi.nlm.nih.gov/pubmed/25297453,28234,SLCO1B3,24278804,PMC4314195,25297453,,,C442759,ginsenoside Rb1,https://ctdbase.org/detail.go?type=chem&acc=C442759,28234,SLCO1B3,https://ctdbase.org/detail.go?type=gene&acc=28234,9606,Homo sapiens (human)
TFEB protein promotes the reaction [ginsenoside rb1 inhibits the reaction [alpha-chlorohydrin results in decreased expression of PARK protein]]|ginsenoside rb1 inhibits the reaction [alpha-chlorohydrin results in decreased expression of PARK protein]|cyclosporine inhibits the reaction [ginsenoside rb1 inhibits the reaction [alpha-chlorohydrin results in decreased expression of PARK protein]],9898279,"Zhang R, Guan S, Meng Z, Zhang D, Lu J. Ginsenoside Rb1 alleviates 3-MCPD-induced renal cell pyroptosis by activating mitophagy. Food Chem Toxicol. 2024 Apr;186():114522. doi: 10.1016/j.fct.2024.114522. PMID: 38373586.",Ginsenoside Rb1,Comparative Toxicogenomics Database (CTD),PMID:38373586,https://www.ncbi.nlm.nih.gov/pubmed/38373586,40336,park,36835912,,38373586,,,C442759,ginsenoside Rb1,https://ctdbase.org/detail.go?type=chem&acc=C442759,40336,PARK,https://ctdbase.org/detail.go?type=gene&acc=40336,10090,Mus musculus (house mouse)
Ginsenoside rb1 results in increased activity of CAMKII protein,9898279,"Park JK, Namgung U, Lee CJ, Park JO, Jin SH, Kwon OB, Ko SR, Kim SW, Kang EJ, Ko JH, Lee SM, Kim DH, Won MH. Calcium-independent CaMKII activity is involved in ginsenoside Rb1-mediated neuronal recovery after hypoxic damage. Life Sci. 2005 Jan 14;76(9):1013–25. doi: 10.1016/j.lfs.2004.10.011. PMID: 15607330.",Ginsenoside Rb1,Comparative Toxicogenomics Database (CTD),PMID:15607330,https://www.ncbi.nlm.nih.gov/pubmed/15607330,43828,CaMKII,5089858,,15607330,,,C442759,ginsenoside Rb1,https://ctdbase.org/detail.go?type=chem&acc=C442759,43828,CAMKII,https://ctdbase.org/detail.go?type=gene&acc=43828,10116,Rattus norvegicus (Norway rat)
Cyclosporine inhibits the reaction [ginsenoside rb1 inhibits the reaction [alpha-chlorohydrin results in decreased expression of PINK1 protein]]|tfeb protein promotes the reaction [ginsenoside rb1 inhibits the reaction [alpha-chlorohydrin results in decreased expression of PINK1 protein]]|ginsenoside rb1 inhibits the reaction [alpha-chlorohydrin results in decreased expression of PINK1 protein],9898279,"Zhang R, Guan S, Meng Z, Zhang D, Lu J. Ginsenoside Rb1 alleviates 3-MCPD-induced renal cell pyroptosis by activating mitophagy. Food Chem Toxicol. 2024 Apr;186():114522. doi: 10.1016/j.fct.2024.114522. PMID: 38373586.",Ginsenoside Rb1,Comparative Toxicogenomics Database (CTD),PMID:38373586,https://www.ncbi.nlm.nih.gov/pubmed/38373586,65018,PINK1,36835912,,38373586,,,C442759,ginsenoside Rb1,https://ctdbase.org/detail.go?type=chem&acc=C442759,65018,PINK1,https://ctdbase.org/detail.go?type=gene&acc=65018,10090,Mus musculus (house mouse)
Ginsenoside rb1 inhibits the reaction [alpha-chlorohydrin results in increased cleavage of GSDMD protein]|cyclosporine inhibits the reaction [ginsenoside rb1 inhibits the reaction [alpha-chlorohydrin results in increased cleavage of GSDMD protein]],9898279,"Zhang R, Guan S, Meng Z, Zhang D, Lu J. Ginsenoside Rb1 alleviates 3-MCPD-induced renal cell pyroptosis by activating mitophagy. Food Chem Toxicol. 2024 Apr;186():114522. doi: 10.1016/j.fct.2024.114522. PMID: 38373586.",Ginsenoside Rb1,Comparative Toxicogenomics Database (CTD),PMID:38373586,https://www.ncbi.nlm.nih.gov/pubmed/38373586,79792,GSDMD,36835912,,38373586,,,C442759,ginsenoside Rb1,https://ctdbase.org/detail.go?type=chem&acc=C442759,79792,GSDMD,https://ctdbase.org/detail.go?type=gene&acc=79792,10090,Mus musculus (house mouse)
Ginsenoside rb1 promotes the reaction [alpha-chlorohydrin results in increased lipidation of and results in increased localization of MAP1LC3B protein]|cyclosporine inhibits the reaction [ginsenoside rb1 promotes the reaction [alpha-chlorohydrin results in increased lipidation of and results in increased localization of MAP1LC3B protein]],9898279,"Zhang R, Guan S, Meng Z, Zhang D, Lu J. Ginsenoside Rb1 alleviates 3-MCPD-induced renal cell pyroptosis by activating mitophagy. Food Chem Toxicol. 2024 Apr;186():114522. doi: 10.1016/j.fct.2024.114522. PMID: 38373586.",Ginsenoside Rb1,Comparative Toxicogenomics Database (CTD),PMID:38373586,https://www.ncbi.nlm.nih.gov/pubmed/38373586,81631,MAP1LC3B,36835912,,38373586,,,C442759,ginsenoside Rb1,https://ctdbase.org/detail.go?type=chem&acc=C442759,81631,MAP1LC3B,https://ctdbase.org/detail.go?type=gene&acc=81631,10090,Mus musculus (house mouse)
Ginsenoside rb1 inhibits the reaction [alpha-chlorohydrin results in increased expression of NLRP3 protein]|cyclosporine inhibits the reaction [ginsenoside rb1 inhibits the reaction [alpha-chlorohydrin results in increased expression of NLRP3 protein]],9898279,"Zhang R, Guan S, Meng Z, Zhang D, Lu J. Ginsenoside Rb1 alleviates 3-MCPD-induced renal cell pyroptosis by activating mitophagy. Food Chem Toxicol. 2024 Apr;186():114522. doi: 10.1016/j.fct.2024.114522. PMID: 38373586.",Ginsenoside Rb1,Comparative Toxicogenomics Database (CTD),PMID:38373586,https://www.ncbi.nlm.nih.gov/pubmed/38373586,114548,NLRP3,36835912,,38373586,,,C442759,ginsenoside Rb1,https://ctdbase.org/detail.go?type=chem&acc=C442759,114548,NLRP3,https://ctdbase.org/detail.go?type=gene&acc=114548,10090,Mus musculus (house mouse)
